{"type":"FeatureCollection","features":[{"type":"Feature","properties":{"Name":"DASSA - Central Services","Type":"Drug and Alcohol Services South Australia","Address":"91 Magill Road","Suburb":"Stepney","Postcode":5069,"State":"SA","LHN":"Central Adelaide Local Health Network","Geographical LHN":"CALHN","Governing Body":"DASSA"},"geometry":{"type":"Point","coordinates":[138.629871,-34.915182]}},{"type":"Feature","properties":{"Name":"DASSA - Northern Services","Type":"Drug and Alcohol Services South Australia","Address":"22 Langford Drive","Suburb":"Elizabeth","Postcode":5112,"State":"SA","LHN":"Northern Adelaide Local Health Network","Geographical LHN":"NALHN","Governing Body":"DASSA"},"geometry":{"type":"Point","coordinates":[138.664275,-34.719615]}},{"type":"Feature","properties":{"Name":"DASSA - Southern Services","Type":"Drug and Alcohol Services South Australia","Address":"1/209 Main South Rd","Suburb":"Morphett Vale","Postcode":5162,"State":"SA","LHN":"Southern Adelaide Local Health Network","Geographical LHN":"SALHN","Governing Body":"DASSA"},"geometry":{"type":"Point","coordinates":[138.522159,-35.11847]}},{"type":"Feature","properties":{"Name":"Royal Adelaide Hospital","Type":"Hospital","Address":"Port Road","Suburb":"Adelaide","Postcode":5000,"State":"SA","LHN":"Central Adelaide Local Health Network","Geographical LHN":"CALHN","Governing Body":"CALHN"},"geometry":{"type":"Point","coordinates":[138.587057,-34.921162]}},{"type":"Feature","properties":{"Name":"Glenside Health Services","Type":"Hospital","Address":"Karrayarta Drive","Suburb":"Glenside","Postcode":5065,"State":"SA","LHN":"Central Adelaide Local Health Network","Geographical LHN":"CALHN","Governing Body":"CALHN"},"geometry":{"type":"Point","coordinates":[138.62942,-34.945151]}},{"type":"Feature","properties":{"Name":"Hampstead Rehabilitation Centre","Type":"Hospital","Address":"205-207 Hampstead Road","Suburb":"Lightsview","Postcode":5085,"State":"SA","LHN":"Northern Adelaide Local Health Network","Geographical LHN":"NALHN","Governing Body":"NALHN"},"geometry":{"type":"Point","coordinates":[138.620248,-34.861627]}},{"type":"Feature","properties":{"Name":"Modbury Hospital","Type":"Hospital","Address":"41-69 Smart Road","Suburb":"Modbury","Postcode":5092,"State":"SA","LHN":"Northern Adelaide Local Health Network","Geographical LHN":"NALHN","Governing Body":"NALHN"},"geometry":{"type":"Point","coordinates":[138.690504,-34.83427]}},{"type":"Feature","properties":{"Name":"Flinders Medical Centre","Type":"Hospital","Address":"Flinders Drive","Suburb":"Bedford Park","Postcode":5042,"State":"SA","LHN":"Southern Adelaide Local Health Network","Geographical LHN":"SALHN","Governing Body":"SALHN"},"geometry":{"type":"Point","coordinates":[138.56907,-35.021079]}},{"type":"Feature","properties":{"Name":"Women's & Children's Hospital","Type":"Hospital","Address":"72 King William Road","Suburb":"North Adelaide","Postcode":5006,"State":"SA","LHN":"Women's and Children's Health Network","Geographical LHN":"WCHN","Governing Body":"WCHN"},"geometry":{"type":"Point","coordinates":[138.599941,-34.911513]}},{"type":"Feature","properties":{"Name":"The Queen Elizabeth Hospital","Type":"Hospital","Address":"28 Woodville Road","Suburb":"Woodville South","Postcode":5011,"State":"SA","LHN":"Central Adelaide Local Health Network","Geographical LHN":"CALHN","Governing Body":"CALHN"},"geometry":{"type":"Point","coordinates":[138.53384,-34.883534]}},{"type":"Feature","properties":{"Name":"Lyell McEwin Hospital","Type":"Hospital","Address":"120-130 Haydown Road","Suburb":"Elizabeth Vale","Postcode":5112,"State":"SA","LHN":"Northern Adelaide Local Health Network","Geographical LHN":"NALHN","Governing Body":"NALHN"},"geometry":{"type":"Point","coordinates":[138.664837,-34.747691]}},{"type":"Feature","properties":{"Name":"Pregnancy Advisory Centre","Type":"Hospital","Address":"21 Belmore Terrace","Suburb":"Woodville","Postcode":5011,"State":"SA","LHN":"Central Adelaide Local Health Network","Geographical LHN":"CALHN","Governing Body":"CALHN"},"geometry":{"type":"Point","coordinates":[138.543074,-34.880193]}},{"type":"Feature","properties":{"Name":"Noarlunga Hospital","Type":"Hospital","Address":"Alexander Kelly Drive","Suburb":"Noarlunga","Postcode":5168,"State":"SA","LHN":"Southern Adelaide Local Health Network","Geographical LHN":"SALHN","Governing Body":"SALHN"},"geometry":{"type":"Point","coordinates":[138.500416,-35.139593]}},{"type":"Feature","properties":{"Name":"Central Yorke Peninsula Hospital (Maitland)","Type":"Hospital","Address":"68 Robert Street","Suburb":"Maitland","Postcode":5573,"State":"SA","LHN":"Yorke and Northern Local Health Network","Geographical LHN":"YNLHN","Governing Body":"YNLHN"},"geometry":{"type":"Point","coordinates":[137.674245,-34.370411]}},{"type":"Feature","properties":{"Name":"Mannum District Hospital","Type":"Hospital","Address":"Parker Street","Suburb":"Mannum","Postcode":5238,"State":"SA","LHN":"Riverland Mallee Coorong Local Health Network","Geographical LHN":"RMCLHN","Governing Body":"RMCLHN"},"geometry":{"type":"Point","coordinates":[139.308549,-34.916598]}},{"type":"Feature","properties":{"Name":"Booleroo Centre District Hospital and Health Services","Type":"Hospital","Address":"5-9 Stephens Street","Suburb":"Booleroo Centre","Postcode":5482,"State":"SA","LHN":"Yorke and Northern Local Health Network","Geographical LHN":"YNLHN","Governing Body":"YNLHN"},"geometry":{"type":"Point","coordinates":[138.351071,-32.877886]}},{"type":"Feature","properties":{"Name":"Pinnaroo Soldiers' Memorial Hospital","Type":"Hospital","Address":"Bundey Terrace","Suburb":"Pinnaroo","Postcode":5304,"State":"SA","LHN":"Riverland Mallee Coorong Local Health Network","Geographical LHN":"RMCLHN","Governing Body":"RMCLHN"},"geometry":{"type":"Point","coordinates":[140.902415,-35.257437]}},{"type":"Feature","properties":{"Name":"Port Broughton and District Hospital and Health Service","Type":"Hospital","Address":"56-82 Bay Road","Suburb":"Port Broughton","Postcode":5522,"State":"SA","LHN":"Yorke and Northern Local Health Network","Geographical LHN":"YNLHN","Governing Body":"YNLHN"},"geometry":{"type":"Point","coordinates":[137.933916,-33.601038]}},{"type":"Feature","properties":{"Name":"Port Lincoln Health Service","Type":"Hospital","Address":"39 Oxford Terrace","Suburb":"Port Lincoln","Postcode":5606,"State":"SA","LHN":"Eyre and Far North Local Health Network","Geographical LHN":"EFNLHN","Governing Body":"EFNLHN"},"geometry":{"type":"Point","coordinates":[135.850305,-34.724003]}},{"type":"Feature","properties":{"Name":"Port Pirie Regional Health Service","Type":"Hospital","Address":"Alexander Street","Suburb":"Port Pirie","Postcode":5540,"State":"SA","LHN":"Yorke and Northern Local Health Network","Geographical LHN":"YNLHN","Governing Body":"YNLHN"},"geometry":{"type":"Point","coordinates":[138.005089,-33.177007]}},{"type":"Feature","properties":{"Name":"Roxby Downs Health Service","Type":"Hospital","Address":"16-28 Burgoyne Street","Suburb":"Roxby Downs","Postcode":5725,"State":"SA","LHN":"Flinders and Upper North Local Health Network","Geographical LHN":"FUNLHN","Governing Body":"FUNLHN"},"geometry":{"type":"Point","coordinates":[136.89431,-30.562635]}},{"type":"Feature","properties":{"Name":"Angaston District Hospital","Type":"Hospital","Address":"29 North Street","Suburb":"Angaston","Postcode":5353,"State":"SA","LHN":"Barossa Hills Fleurieu Local Health Network","Geographical LHN":"BHFLHN","Governing Body":"BHFLHN"},"geometry":{"type":"Point","coordinates":[139.054313,-34.503788]}},{"type":"Feature","properties":{"Name":"Cowell District Hospital and Aged Care","Type":"Hospital","Address":"17 South Terrace","Suburb":"Cowell","Postcode":5602,"State":"SA","LHN":"Eyre and Far North Local Health Network","Geographical LHN":"EFNLHN","Governing Body":"EFNLHN"},"geometry":{"type":"Point","coordinates":[136.92147,-33.685592]}},{"type":"Feature","properties":{"Name":"Crystal Brook and District Hospital","Type":"Hospital","Address":"Edmund Terrace","Suburb":"Crystal Brook","Postcode":5523,"State":"SA","LHN":"Yorke and Northern Local Health Network","Geographical LHN":"YNLHN","Governing Body":"YNLHN"},"geometry":{"type":"Point","coordinates":[138.213141,-33.354219]}},{"type":"Feature","properties":{"Name":"Quorn Health Service","Type":"Hospital","Address":"Hospital Road","Suburb":"Quorn","Postcode":5433,"State":"SA","LHN":"Flinders and Upper North Local Health Network","Geographical LHN":"FUNLHN","Governing Body":"FUNLHN"},"geometry":{"type":"Point","coordinates":[138.038352,-32.350958]}},{"type":"Feature","properties":{"Name":"Elliston Hospital","Type":"Hospital","Address":"4-6 Memorial Drive","Suburb":"Elliston","Postcode":5670,"State":"SA","LHN":"Eyre and Far North Local Health Network","Geographical LHN":"EFNLHN","Governing Body":"EFNLHN"},"geometry":{"type":"Point","coordinates":[134.892344,-33.64792]}},{"type":"Feature","properties":{"Name":"Eudunda Hospital","Type":"Hospital","Address":"40 Ward Street","Suburb":"Eudunda","Postcode":5374,"State":"SA","LHN":"Barossa Hills Fleurieu Local Health Network","Geographical LHN":"BHFLHN","Governing Body":"BHFLHN"},"geometry":{"type":"Point","coordinates":[139.090537,-34.175491]}},{"type":"Feature","properties":{"Name":"Orroroo and District Health Service","Type":"Hospital","Address":"Pekina Road","Suburb":"Orroroo","Postcode":5431,"State":"SA","LHN":"Yorke and Northern Local Health Network","Geographical LHN":"YNLHN","Governing Body":"YNLHN"},"geometry":{"type":"Point","coordinates":[138.607267,-32.738418]}},{"type":"Feature","properties":{"Name":"Kangaroo Island Health Service","Type":"Hospital","Address":"3 The Esplanade","Suburb":"Kingscote","Postcode":5223,"State":"SA","LHN":"Barossa Hills Fleurieu Local Health Network","Geographical LHN":"BHFLHN","Governing Body":"BHFLHN"},"geometry":{"type":"Point","coordinates":[137.641376,-35.652782]}},{"type":"Feature","properties":{"Name":"Meningie and Districts Memorial Hospital and Health Services","Type":"Hospital","Address":"2 South Terrace","Suburb":"Meningie","Postcode":5264,"State":"SA","LHN":"Riverland Mallee Coorong Local Health Network","Geographical LHN":"RMCLHN","Governing Body":"RMCLHN"},"geometry":{"type":"Point","coordinates":[139.335693,-35.693217]}},{"type":"Feature","properties":{"Name":"Millicent and Districts Hospital and Health Service","Type":"Hospital","Address":"33 Mount Gambier Road","Suburb":"Millicent","Postcode":5280,"State":"SA","LHN":"Limestone Coast Local Health Network","Geographical LHN":"LCLHN","Governing Body":"LCLHN"},"geometry":{"type":"Point","coordinates":[140.359053,-37.598328]}},{"type":"Feature","properties":{"Name":"Mount Gambier and Districts Health Service","Type":"Hospital","Address":"276-300 Wehl Street North","Suburb":"Mount Gambier","Postcode":5290,"State":"SA","LHN":"Limestone Coast Local Health Network","Geographical LHN":"LCLHN","Governing Body":"LCLHN"},"geometry":{"type":"Point","coordinates":[140.786678,-37.805342]}},{"type":"Feature","properties":{"Name":"Mount Pleasant District Hospital","Type":"Hospital","Address":"28 Hospital Road","Suburb":"Mount Pleasant","Postcode":5235,"State":"SA","LHN":"Barossa Hills Fleurieu Local Health Network","Geographical LHN":"BHFLHN","Governing Body":"BHFLHN"},"geometry":{"type":"Point","coordinates":[139.054638,-34.773857]}},{"type":"Feature","properties":{"Name":"Ceduna District Health Service","Type":"Hospital","Address":"3 Eyre Highway","Suburb":"Ceduna","Postcode":5690,"State":"SA","LHN":"Eyre and Far North Local Health Network","Geographical LHN":"EFNLHN","Governing Body":"EFNLHN"},"geometry":{"type":"Point","coordinates":[133.672132,-32.11906]}},{"type":"Feature","properties":{"Name":"Coober Pedy Hospital and Health Service","Type":"Hospital","Address":"Lot 89 Hospital Road","Suburb":"Coober Pedy","Postcode":5723,"State":"SA","LHN":"Eyre and Far North Local Health Network","Geographical LHN":"EFNLHN","Governing Body":"EFNLHN"},"geometry":{"type":"Point","coordinates":[134.762171,-29.004856]}},{"type":"Feature","properties":{"Name":"Snowtown Hospital and Health Service","Type":"Hospital","Address":"South Terrace","Suburb":"Snowtown","Postcode":5520,"State":"SA","LHN":"Yorke and Northern Local Health Network","Geographical LHN":"YNLHN","Governing Body":"YNLHN"},"geometry":{"type":"Point","coordinates":[138.212727,-33.7869]}},{"type":"Feature","properties":{"Name":"Streaky Bay Hospital","Type":"Hospital","Address":"1 Flinders Drive","Suburb":"Streaky Bay","Postcode":5680,"State":"SA","LHN":"Eyre and Far North Local Health Network","Geographical LHN":"EFNLHN","Governing Body":"EFNLHN"},"geometry":{"type":"Point","coordinates":[134.217526,-32.792817]}},{"type":"Feature","properties":{"Name":"Naracoorte Health Service","Type":"Hospital","Address":"101 Jenkins Terrace","Suburb":"Naracoorte","Postcode":5271,"State":"SA","LHN":"Limestone Coast Local Health Network","Geographical LHN":"LCLHN","Governing Body":"LCLHN"},"geometry":{"type":"Point","coordinates":[140.743893,-36.966768]}},{"type":"Feature","properties":{"Name":"Hawker Memorial Hospital","Type":"Hospital","Address":"9 Druid Range Drive","Suburb":"Hawker","Postcode":5434,"State":"SA","LHN":"Flinders and Upper North Local Health Network","Geographical LHN":"FUNLHN","Governing Body":"FUNLHN"},"geometry":{"type":"Point","coordinates":[138.427913,-31.893342]}},{"type":"Feature","properties":{"Name":"Whyalla Hospital and Health Services","Type":"Hospital","Address":"20 Wood Terrace","Suburb":"Whyalla","Postcode":5600,"State":"SA","LHN":"Flinders and Upper North Local Health Network","Geographical LHN":"FUNLHN","Governing Body":"FUNLHN"},"geometry":{"type":"Point","coordinates":[137.577713,-33.033588]}},{"type":"Feature","properties":{"Name":"Tailem Bend District Hospital","Type":"Hospital","Address":"74 Princes Highway","Suburb":"Tailem Bend","Postcode":5260,"State":"SA","LHN":"Riverland Mallee Coorong Local Health Network","Geographical LHN":"RMCLHN","Governing Body":"RMCLHN"},"geometry":{"type":"Point","coordinates":[139.452597,-35.25484]}},{"type":"Feature","properties":{"Name":"Tumby Bay Hospital and Health Services","Type":"Hospital","Address":"8-11 Esplanade","Suburb":"Tumby Bay","Postcode":5605,"State":"SA","LHN":"Eyre and Far North Local Health Network","Geographical LHN":"EFNLHN","Governing Body":"EFNLHN"},"geometry":{"type":"Point","coordinates":[136.104053,-34.372242]}},{"type":"Feature","properties":{"Name":"Strathalbyn and District Health Service","Type":"Hospital","Address":"14 Alfred Place","Suburb":"Strathalbyn","Postcode":5255,"State":"SA","LHN":"Barossa Hills Fleurieu Local Health Network","Geographical LHN":"BHFLHN","Governing Body":"BHFLHN"},"geometry":{"type":"Point","coordinates":[138.893633,-35.25774]}},{"type":"Feature","properties":{"Name":"Mount Barker District Soldiers' Memorial Hospital","Type":"Hospital","Address":"87 Wellington Road","Suburb":"Mount Barker","Postcode":5251,"State":"SA","LHN":"Barossa Hills Fleurieu Local Health Network","Geographical LHN":"BHFLHN","Governing Body":"BHFLHN"},"geometry":{"type":"Point","coordinates":[138.870269,-35.082077]}},{"type":"Feature","properties":{"Name":"Murray Bridge Soldiers' Memorial Hospital","Type":"Hospital","Address":"96 Swanport Road","Suburb":"Murray Bridge","Postcode":5253,"State":"SA","LHN":"Riverland Mallee Coorong Local Health Network","Geographical LHN":"RMCLHN","Governing Body":"RMCLHN"},"geometry":{"type":"Point","coordinates":[139.280423,-35.128776]}},{"type":"Feature","properties":{"Name":"Victor Harbor Hospital (Southern Fleurieu Health Service)","Type":"Hospital","Address":"Harbour View Terrace","Suburb":"Victor Harbor","Postcode":5211,"State":"SA","LHN":"Barossa Hills Fleurieu Local Health Network","Geographical LHN":"BHFLHN","Governing Body":"BHFLHN"},"geometry":{"type":"Point","coordinates":[138.606866,-35.561217]}},{"type":"Feature","properties":{"Name":"Riverland General Hospital","Type":"Hospital","Address":"10 Maddern Street","Suburb":"Berri","Postcode":5343,"State":"SA","LHN":"Riverland Mallee Coorong Local Health Network","Geographical LHN":"RMCLHN","Governing Body":"RMCLHN"},"geometry":{"type":"Point","coordinates":[140.601447,-34.276256]}},{"type":"Feature","properties":{"Name":"Tanunda War Memorial Hospital","Type":"Hospital","Address":"15 Mill Street","Suburb":"Tanunda","Postcode":5352,"State":"SA","LHN":"Barossa Hills Fleurieu Local Health Network","Geographical LHN":"BHFLHN","Governing Body":"BHFLHN"},"geometry":{"type":"Point","coordinates":[138.960925,-34.527989]}},{"type":"Feature","properties":{"Name":"Riverton District Soldiers' Memorial Hospital","Type":"Hospital","Address":"23 Moorhouse Terrace","Suburb":"Riverton","Postcode":5412,"State":"SA","LHN":"Yorke and Northern Local Health Network","Geographical LHN":"YNLHN","Governing Body":"YNLHN"},"geometry":{"type":"Point","coordinates":[138.742396,-34.160349]}},{"type":"Feature","properties":{"Name":"Jamestown Hospital and Health Service","Type":"Hospital","Address":"43 South Terrace","Suburb":"Jamestown","Postcode":5491,"State":"SA","LHN":"Yorke and Northern Local Health Network","Geographical LHN":"YNLHN","Governing Body":"YNLHN"},"geometry":{"type":"Point","coordinates":[138.616265,-33.212271]}},{"type":"Feature","properties":{"Name":"Kapunda Hospital","Type":"Hospital","Address":"26 Nash Street","Suburb":"Kapunda","Postcode":5373,"State":"SA","LHN":"Barossa Hills Fleurieu Local Health Network","Geographical LHN":"BHFLHN","Governing Body":"BHFLHN"},"geometry":{"type":"Point","coordinates":[138.921615,-34.33042]}},{"type":"Feature","properties":{"Name":"Karoonda and District Soldiers' Memorial Hospital","Type":"Hospital","Address":"13 Stokes Road","Suburb":"Karoonda","Postcode":5307,"State":"SA","LHN":"Riverland Mallee Coorong Local Health Network","Geographical LHN":"RMCLHN","Governing Body":"RMCLHN"},"geometry":{"type":"Point","coordinates":[139.889497,-35.094187]}},{"type":"Feature","properties":{"Name":"Kimba District Hospital and Aged Care","Type":"Hospital","Address":"15 Martin Terrace","Suburb":"Kimba","Postcode":5641,"State":"SA","LHN":"Eyre and Far North Local Health Network","Geographical LHN":"EFNLHN","Governing Body":"EFNLHN"},"geometry":{"type":"Point","coordinates":[136.41604,-33.143451]}},{"type":"Feature","properties":{"Name":"Kingston Soldiers' Memorial Hospital","Type":"Hospital","Address":"Cnr Cooke and Young Street","Suburb":"Kingston SE","Postcode":5275,"State":"SA","LHN":"Limestone Coast Local Health Network","Geographical LHN":"LCLHN","Governing Body":"LCLHN"},"geometry":{"type":"Point","coordinates":[139.848572,-36.835186]}},{"type":"Feature","properties":{"Name":"Lameroo District Health Service","Type":"Hospital","Address":"1A Vardon Terrace","Suburb":"Lameroo","Postcode":5302,"State":"SA","LHN":"Riverland Mallee Coorong Local Health Network","Geographical LHN":"RMCLHN","Governing Body":"RMCLHN"},"geometry":{"type":"Point","coordinates":[140.514584,-35.328198]}},{"type":"Feature","properties":{"Name":"Laura and District Hospital","Type":"Hospital","Address":"33 Mill Street","Suburb":"Laura","Postcode":5480,"State":"SA","LHN":"Yorke and Northern Local Health Network","Geographical LHN":"YNLHN","Governing Body":"YNLHN"},"geometry":{"type":"Point","coordinates":[138.298607,-33.175038]}},{"type":"Feature","properties":{"Name":"Peterborough Soldiers' Memorial Hospital","Type":"Hospital","Address":"23 Hurlstone Street","Suburb":"Peterborough","Postcode":5422,"State":"SA","LHN":"Yorke and Northern Local Health Network","Geographical LHN":"YNLHN","Governing Body":"YNLHN"},"geometry":{"type":"Point","coordinates":[138.830363,-32.980772]}},{"type":"Feature","properties":{"Name":"Barmera Health Service","Type":"Hospital","Address":"Hawdon Street","Suburb":"Barmera","Postcode":5345,"State":"SA","LHN":"Riverland Mallee Coorong Local Health Network","Geographical LHN":"RMCLHN","Governing Body":"RMCLHN"},"geometry":{"type":"Point","coordinates":[140.471852,-34.249242]}},{"type":"Feature","properties":{"Name":"Loxton Hospital Complex","Type":"Hospital","Address":"41 Drabsch Street","Suburb":"Loxton","Postcode":5333,"State":"SA","LHN":"Riverland Mallee Coorong Local Health Network","Geographical LHN":"RMCLHN","Governing Body":"RMCLHN"},"geometry":{"type":"Point","coordinates":[140.564237,-34.454484]}},{"type":"Feature","properties":{"Name":"Renmark Paringa District Hospital","Type":"Hospital","Address":"Ral Ral Avenue","Suburb":"Renmark","Postcode":5341,"State":"SA","LHN":"Riverland Mallee Coorong Local Health Network","Geographical LHN":"RMCLHN","Governing Body":"RMCLHN"},"geometry":{"type":"Point","coordinates":[140.744832,-34.164545]}},{"type":"Feature","properties":{"Name":"Burra Hospital","Type":"Hospital","Address":"46 Commercial Street","Suburb":"Burra","Postcode":5417,"State":"SA","LHN":"Yorke and Northern Local Health Network","Geographical LHN":"YNLHN","Governing Body":"YNLHN"},"geometry":{"type":"Point","coordinates":[138.934347,-33.685422]}},{"type":"Feature","properties":{"Name":"Clare Hospital","Type":"Hospital","Address":"47 Farrel Flat Road","Suburb":"Clare","Postcode":5453,"State":"SA","LHN":"Yorke and Northern Local Health Network","Geographical LHN":"YNLHN","Governing Body":"YNLHN"},"geometry":{"type":"Point","coordinates":[138.614496,-33.829582]}},{"type":"Feature","properties":{"Name":"Cleve District Hospital and Aged Care","Type":"Hospital","Address":"North Terrace","Suburb":"Cleve","Postcode":5640,"State":"SA","LHN":"Eyre and Far North Local Health Network","Geographical LHN":"EFNLHN","Governing Body":"EFNLHN"},"geometry":{"type":"Point","coordinates":[136.494253,-33.697904]}},{"type":"Feature","properties":{"Name":"Cummins and District Memorial Hospital","Type":"Hospital","Address":"19-21 Tumby Bay Road","Suburb":"Cummins","Postcode":5631,"State":"SA","LHN":"Eyre and Far North Local Health Network","Geographical LHN":"EFNLHN","Governing Body":"EFNLHN"},"geometry":{"type":"Point","coordinates":[135.732922,-34.264191]}},{"type":"Feature","properties":{"Name":"Waikerie Health Service","Type":"Hospital","Address":"1 Lawrie Terrace","Suburb":"Waikerie","Postcode":5330,"State":"SA","LHN":"Riverland Mallee Coorong Local Health Network","Geographical LHN":"RMCLHN","Governing Body":"RMCLHN"},"geometry":{"type":"Point","coordinates":[139.985357,-34.182559]}},{"type":"Feature","properties":{"Name":"Northern Yorke Peninsula Health Service (Wallaroo)","Type":"Hospital","Address":"1 Ernest Terrace","Suburb":"Wallaroo","Postcode":5556,"State":"SA","LHN":"Yorke and Northern Local Health Network","Geographical LHN":"YNLHN","Governing Body":"YNLHN"},"geometry":{"type":"Point","coordinates":[137.636895,-33.927306]}},{"type":"Feature","properties":{"Name":"Wudinna Hospital","Type":"Hospital","Address":"16-24 Richards Avenue","Suburb":"Wudinna","Postcode":5652,"State":"SA","LHN":"Eyre and Far North Local Health Network","Geographical LHN":"EFNLHN","Governing Body":"EFNLHN"},"geometry":{"type":"Point","coordinates":[135.467073,-33.050218]}},{"type":"Feature","properties":{"Name":"Southern Yorke Peninsula Health Service (Yorketown)","Type":"Hospital","Address":"19 Waterloo Bay Road","Suburb":"Yorketown","Postcode":5576,"State":"SA","LHN":"Yorke and Northern Local Health Network","Geographical LHN":"YNLHN","Governing Body":"YNLHN"},"geometry":{"type":"Point","coordinates":[137.605062,-35.02107]}},{"type":"Feature","properties":{"Name":"Balaklava Soldiers' Memorial District Hospital","Type":"Hospital","Address":"16 War Memorial Drive","Suburb":"Balaklava","Postcode":5461,"State":"SA","LHN":"Yorke and Northern Local Health Network","Geographical LHN":"YNLHN","Governing Body":"YNLHN"},"geometry":{"type":"Point","coordinates":[138.420193,-34.139653]}},{"type":"Feature","properties":{"Name":"Gumeracha District Soldiers' Memorial Hospital","Type":"Hospital","Address":"2 Albert Street","Suburb":"Gumeracha","Postcode":5233,"State":"SA","LHN":"Barossa Hills Fleurieu Local Health Network","Geographical LHN":"BHFLHN","Governing Body":"BHFLHN"},"geometry":{"type":"Point","coordinates":[138.881774,-34.826308]}},{"type":"Feature","properties":{"Name":"Gawler Health Service","Type":"Hospital","Address":"21 Hutchinson Road","Suburb":"Gawler East","Postcode":5118,"State":"SA","LHN":"Barossa Hills Fleurieu Local Health Network","Geographical LHN":"BHFLHN","Governing Body":"BHFLHN"},"geometry":{"type":"Point","coordinates":[138.755228,-34.593443]}},{"type":"Feature","properties":{"Name":"Bordertown Memorial Hospital","Type":"Hospital","Address":"23 South Terrace","Suburb":"Bordertown","Postcode":5268,"State":"SA","LHN":"Limestone Coast Local Health Network","Geographical LHN":"LCLHN","Governing Body":"LCLHN"},"geometry":{"type":"Point","coordinates":[140.766554,-36.312052]}},{"type":"Feature","properties":{"Name":"Port Augusta Hospital and Regional Health Services","Type":"Hospital","Address":"71 Hospital Road","Suburb":"Port Augusta","Postcode":5700,"State":"SA","LHN":"Flinders and Upper North Local Health Network","Geographical LHN":"FUNLHN","Governing Body":"FUNLHN"},"geometry":{"type":"Point","coordinates":[137.775712,-32.510326]}},{"type":"Feature","properties":{"Name":"Penola War Memorial Hospital","Type":"Hospital","Address":"18 Church Street","Suburb":"Penola","Postcode":5277,"State":"SA","LHN":"Limestone Coast Local Health Network","Geographical LHN":"LCLHN","Governing Body":"LCLHN"},"geometry":{"type":"Point","coordinates":[140.83649,-37.382701]}},{"type":"Feature","properties":{"Name":"James Nash House","Type":"Hospital","Address":"140 Hilltop Drive","Suburb":"Oakden","Postcode":5086,"State":"SA","LHN":"Northern Adelaide Local Health Network","Geographical LHN":"NALHN","Governing Body":"NALHN"},"geometry":{"type":"Point","coordinates":[138.638259,-34.849629]}},{"type":"Feature","properties":{"Name":"The Repat Precinct","Type":"Hospital","Address":"216 Daws Road","Suburb":"Daw Park","Postcode":5041,"State":"SA","LHN":"Southern Adelaide Local Health Network","Geographical LHN":"SALHN","Governing Body":"SALHN"},"geometry":{"type":"Point","coordinates":[138.587975,-34.990312]}},{"type":"Feature","properties":{"Name":"SAAS - COOBER PEDY STATION","Type":"SA Ambulance","Address":"LOT 100 MCKENZIE ROAD","Suburb":"COOBER PEDY","Postcode":5723,"State":"SA","LHN":"Eyre and Far North Local Health Network","Geographical LHN":"EFNLHN","Governing Body":"SAAS"},"geometry":{"type":"Point","coordinates":[134.759837,-29.006551]}},{"type":"Feature","properties":{"Name":"SAAS - COOMANDOOK STATION","Type":"SA Ambulance","Address":"2151 OLD DUKES HIGHWAY","Suburb":"COOMANDOOK","Postcode":5261,"State":"SA","LHN":"Riverland Mallee Coorong Local Health Network","Geographical LHN":"RMCLHN","Governing Body":"SAAS"},"geometry":{"type":"Point","coordinates":[139.701528,-35.47246]}},{"type":"Feature","properties":{"Name":"SAAS - COONALPYN STATION","Type":"SA Ambulance","Address":"9-11 POYNTZ TERRACE","Suburb":"COONALPYN","Postcode":5265,"State":"SA","LHN":"Riverland Mallee Coorong Local Health Network","Geographical LHN":"RMCLHN","Governing Body":"SAAS"},"geometry":{"type":"Point","coordinates":[139.855845,-35.694112]}},{"type":"Feature","properties":{"Name":"SAAS - COWELL STATION","Type":"SA Ambulance","Address":"1 LINCOLN HIGHWAY","Suburb":"COWELL","Postcode":5602,"State":"SA","LHN":"Eyre and Far North Local Health Network","Geographical LHN":"EFNLHN","Governing Body":"SAAS"},"geometry":{"type":"Point","coordinates":[136.922319,-33.680697]}},{"type":"Feature","properties":{"Name":"SAAS - CRYSTAL BROOK STATION","Type":"SA Ambulance","Address":"35 BRANDIS STREET","Suburb":"CRYSTAL BROOK","Postcode":5523,"State":"SA","LHN":"Yorke and Northern Local Health Network","Geographical LHN":"YNLHN","Governing Body":"SAAS"},"geometry":{"type":"Point","coordinates":[138.208355,-33.352931]}},{"type":"Feature","properties":{"Name":"SAAS - CUMMINS STATION","Type":"SA Ambulance","Address":"19 TUMBY BAY ROAD","Suburb":"CUMMINS","Postcode":5631,"State":"SA","LHN":"Eyre and Far North Local Health Network","Geographical LHN":"EFNLHN","Governing Body":"SAAS"},"geometry":{"type":"Point","coordinates":[135.732492,-34.263639]}},{"type":"Feature","properties":{"Name":"SAAS - STATE HEADQUARTERS","Type":"SA Ambulance","Address":"205 GREENHILL ROAD","Suburb":"EASTWOOD","Postcode":5063,"State":"SA","LHN":"Central Adelaide Local Health Network","Geographical LHN":"CALHN","Governing Body":"SAAS"},"geometry":{"type":"Point","coordinates":[138.619136,-34.940691]}},{"type":"Feature","properties":{"Name":"SAAS - SPECIAL OPERATIONS STATION","Type":"SA Ambulance","Address":"LOT 42 SIR DONALD BRADMAN DRIVE","Suburb":"ADELAIDE AIRPORT","Postcode":5950,"State":"SA","LHN":"Central Adelaide Local Health Network","Geographical LHN":"CALHN","Governing Body":"SAAS"},"geometry":{"type":"Point","coordinates":[138.532372,-34.936322]}},{"type":"Feature","properties":{"Name":"SAAS - STIRLING STATION","Type":"SA Ambulance","Address":"298 MOUNT BARKER ROAD","Suburb":"ALDGATE","Postcode":5154,"State":"SA","LHN":"Barossa Hills Fleurieu Local Health Network","Geographical LHN":"BHFLHN","Governing Body":"SAAS"},"geometry":{"type":"Point","coordinates":[138.743784,-35.012422]}},{"type":"Feature","properties":{"Name":"SAAS - ALDINGA STATION","Type":"SA Ambulance","Address":"186-196 PORT ROAD","Suburb":"ALDINGA","Postcode":5173,"State":"SA","LHN":"Southern Adelaide Local Health Network","Geographical LHN":"SALHN","Governing Body":"SAAS"},"geometry":{"type":"Point","coordinates":[138.482234,-35.267682]}},{"type":"Feature","properties":{"Name":"SAAS - AMERICAN RIVER STATION","Type":"SA Ambulance","Address":"LOT 13 BUICK DRIVE","Suburb":"AMERICAN RIVER","Postcode":5221,"State":"SA","LHN":"Barossa Hills Fleurieu Local Health Network","Geographical LHN":"BHFLHN","Governing Body":"SAAS"},"geometry":{"type":"Point","coordinates":[137.769309,-35.782721]}},{"type":"Feature","properties":{"Name":"SAAS - BAROSSA VALLEY STATION","Type":"SA Ambulance","Address":"27 SCHILLING STREET","Suburb":"ANGASTON","Postcode":5353,"State":"SA","LHN":"Barossa Hills Fleurieu Local Health Network","Geographical LHN":"BHFLHN","Governing Body":"SAAS"},"geometry":{"type":"Point","coordinates":[139.052275,-34.503315]}},{"type":"Feature","properties":{"Name":"SAAS - ARDROSSAN STATION","Type":"SA Ambulance","Address":"NORTH TERRACE","Suburb":"ARDROSSAN","Postcode":5571,"State":"SA","LHN":"Yorke and Northern Local Health Network","Geographical LHN":"YNLHN","Governing Body":"SAAS"},"geometry":{"type":"Point","coordinates":[137.91613,-34.420829]}},{"type":"Feature","properties":{"Name":"SAAS - ASHFORD STATION","Type":"SA Ambulance","Address":"24-28 ALEXANDER AVENUE","Suburb":"ASHFORD","Postcode":5035,"State":"SA","LHN":"Central Adelaide Local Health Network","Geographical LHN":"CALHN","Governing Body":"SAAS"},"geometry":{"type":"Point","coordinates":[138.577198,-34.946211]}},{"type":"Feature","properties":{"Name":"SAAS - BALAKLAVA STATION","Type":"SA Ambulance","Address":"WAR MEMORIAL DRIVE","Suburb":"BALAKLAVA","Postcode":5461,"State":"SA","LHN":"Yorke and Northern Local Health Network","Geographical LHN":"YNLHN","Governing Body":"SAAS"},"geometry":{"type":"Point","coordinates":[138.418887,-34.140062]}},{"type":"Feature","properties":{"Name":"SAAS - BARMERA STATION","Type":"SA Ambulance","Address":"LOT 674 LANGDON TERRACE","Suburb":"BARMERA","Postcode":5345,"State":"SA","LHN":"Riverland Mallee Coorong Local Health Network","Geographical LHN":"RMCLHN","Governing Body":"SAAS"},"geometry":{"type":"Point","coordinates":[140.466482,-34.252985]}},{"type":"Feature","properties":{"Name":"SAAS - BERRI STATION","Type":"SA Ambulance","Address":"LOT 801 CORNWALL STREET","Suburb":"BERRI","Postcode":5343,"State":"SA","LHN":"Riverland Mallee Coorong Local Health Network","Geographical LHN":"RMCLHN","Governing Body":"SAAS"},"geometry":{"type":"Point","coordinates":[140.601809,-34.27737]}},{"type":"Feature","properties":{"Name":"SAAS - BOOLEROO CENTRE STATION","Type":"SA Ambulance","Address":"3-13 STEPHENS STREET","Suburb":"BOOLEROO CENTRE","Postcode":5482,"State":"SA","LHN":"Yorke and Northern Local Health Network","Geographical LHN":"YNLHN","Governing Body":"SAAS"},"geometry":{"type":"Point","coordinates":[138.350836,-32.877024]}},{"type":"Feature","properties":{"Name":"SAAS - BORDERTOWN STATION","Type":"SA Ambulance","Address":"SEC 980 TATIARA TERRACE","Suburb":"BORDERTOWN","Postcode":5268,"State":"SA","LHN":"Limestone Coast Local Health Network","Geographical LHN":"LCLHN","Governing Body":"SAAS"},"geometry":{"type":"Point","coordinates":[140.769809,-36.308202]}},{"type":"Feature","properties":{"Name":"SAAS - CAMDEN PARK STATION","Type":"SA Ambulance","Address":"65-69 MORPHETT ROAD","Suburb":"CAMDEN PARK","Postcode":5038,"State":"SA","LHN":"Central Adelaide Local Health Network","Geographical LHN":"CALHN","Governing Body":"SAAS"},"geometry":{"type":"Point","coordinates":[138.537379,-34.966328]}},{"type":"Feature","properties":{"Name":"SAAS - CEDUNA STATION","Type":"SA Ambulance","Address":"32 POYNTON STREET","Suburb":"CEDUNA","Postcode":5690,"State":"SA","LHN":"Eyre and Far North Local Health Network","Geographical LHN":"EFNLHN","Governing Body":"SAAS"},"geometry":{"type":"Point","coordinates":[133.67403,-32.127683]}},{"type":"Feature","properties":{"Name":"SAAS - CLARE STATION","Type":"SA Ambulance","Address":"WEBB STREET","Suburb":"CLARE","Postcode":5453,"State":"SA","LHN":"Yorke and Northern Local Health Network","Geographical LHN":"YNLHN","Governing Body":"SAAS"},"geometry":{"type":"Point","coordinates":[138.61365,-33.830054]}},{"type":"Feature","properties":{"Name":"SAAS - CLEVE STATION","Type":"SA Ambulance","Address":"20 FOURTH STREET","Suburb":"CLEVE","Postcode":5640,"State":"SA","LHN":"Eyre and Far North Local Health Network","Geographical LHN":"EFNLHN","Governing Body":"SAAS"},"geometry":{"type":"Point","coordinates":[136.493866,-33.700854]}},{"type":"Feature","properties":{"Name":"SAAS - COFFIN BAY STATION","Type":"SA Ambulance","Address":"165-181 ESPLANADE","Suburb":"COFFIN BAY","Postcode":5607,"State":"SA","LHN":"Eyre and Far North Local Health Network","Geographical LHN":"EFNLHN","Governing Body":"SAAS"},"geometry":{"type":"Point","coordinates":[135.463466,-34.622607]}},{"type":"Feature","properties":{"Name":"SAAS - KAROONDA STATION","Type":"SA Ambulance","Address":"LOT 55 STOKES ROAD","Suburb":"KAROONDA","Postcode":5307,"State":"SA","LHN":"Riverland Mallee Coorong Local Health Network","Geographical LHN":"RMCLHN","Governing Body":"SAAS"},"geometry":{"type":"Point","coordinates":[139.889817,-35.094937]}},{"type":"Feature","properties":{"Name":"SAAS - KEITH STATION","Type":"SA Ambulance","Address":"LOT 24 HILL AVENUE","Suburb":"KEITH","Postcode":5267,"State":"SA","LHN":"Limestone Coast Local Health Network","Geographical LHN":"LCLHN","Governing Body":"SAAS"},"geometry":{"type":"Point","coordinates":[140.346076,-36.097502]}},{"type":"Feature","properties":{"Name":"SAAS - KIMBA STATION","Type":"SA Ambulance","Address":"8A CROSS STREET","Suburb":"KIMBA","Postcode":5641,"State":"SA","LHN":"Eyre and Far North Local Health Network","Geographical LHN":"EFNLHN","Governing Body":"SAAS"},"geometry":{"type":"Point","coordinates":[136.41928,-33.138606]}},{"type":"Feature","properties":{"Name":"SAAS - KINGSCOTE STATION","Type":"SA Ambulance","Address":"17 MURRAY STREET","Suburb":"KINGSCOTE","Postcode":5223,"State":"SA","LHN":"Barossa Hills Fleurieu Local Health Network","Geographical LHN":"BHFLHN","Governing Body":"SAAS"},"geometry":{"type":"Point","coordinates":[137.636805,-35.654665]}},{"type":"Feature","properties":{"Name":"SAAS - KINGSTON STATION","Type":"SA Ambulance","Address":"2 SMITHS LANE","Suburb":"KINGSTON SE","Postcode":5275,"State":"SA","LHN":"Limestone Coast Local Health Network","Geographical LHN":"LCLHN","Governing Body":"SAAS"},"geometry":{"type":"Point","coordinates":[139.85379,-36.840355]}},{"type":"Feature","properties":{"Name":"SAAS - LAMEROO STATION","Type":"SA Ambulance","Address":"LOT 1 CHANDOS TERRACE","Suburb":"LAMEROO","Postcode":5302,"State":"SA","LHN":"Riverland Mallee Coorong Local Health Network","Geographical LHN":"RMCLHN","Governing Body":"SAAS"},"geometry":{"type":"Point","coordinates":[140.515148,-35.328767]}},{"type":"Feature","properties":{"Name":"SAAS - LEIGH CREEK STATION","Type":"SA Ambulance","Address":"PT LT 305 BLACK OAK DRIVE","Suburb":"LEIGH CREEK","Postcode":5731,"State":"SA","LHN":"Flinders and Upper North Local Health Network","Geographical LHN":"FUNLHN","Governing Body":"SAAS"},"geometry":{"type":"Point","coordinates":[138.398329,-30.591495]}},{"type":"Feature","properties":{"Name":"SAAS - LOCK STATION","Type":"SA Ambulance","Address":"34 DEARMAN STREET","Suburb":"LOCK","Postcode":5633,"State":"SA","LHN":"Eyre and Far North Local Health Network","Geographical LHN":"EFNLHN","Governing Body":"SAAS"},"geometry":{"type":"Point","coordinates":[135.755657,-33.565545]}},{"type":"Feature","properties":{"Name":"SAAS - LOXTON STATION","Type":"SA Ambulance","Address":"KOKODA TERRACE","Suburb":"LOXTON","Postcode":5333,"State":"SA","LHN":"Riverland Mallee Coorong Local Health Network","Geographical LHN":"RMCLHN","Governing Body":"SAAS"},"geometry":{"type":"Point","coordinates":[140.57353,-34.453427]}},{"type":"Feature","properties":{"Name":"SAAS - LUCINDALE STATION","Type":"SA Ambulance","Address":"MUSGRAVE AVENUE","Suburb":"LUCINDALE","Postcode":5272,"State":"SA","LHN":"Limestone Coast Local Health Network","Geographical LHN":"LCLHN","Governing Body":"SAAS"},"geometry":{"type":"Point","coordinates":[140.367133,-36.97243]}},{"type":"Feature","properties":{"Name":"SAAS - MAITLAND STATION","Type":"SA Ambulance","Address":"68 ROBERT STREET","Suburb":"MAITLAND","Postcode":5573,"State":"SA","LHN":"Yorke and Northern Local Health Network","Geographical LHN":"YNLHN","Governing Body":"SAAS"},"geometry":{"type":"Point","coordinates":[137.673772,-34.370876]}},{"type":"Feature","properties":{"Name":"SAAS - MALLALA STATION","Type":"SA Ambulance","Address":"LOT 747 ADELAIDE ROAD","Suburb":"MALLALA","Postcode":5502,"State":"SA","LHN":"Barossa Hills Fleurieu Local Health Network","Geographical LHN":"BHFLHN","Governing Body":"SAAS"},"geometry":{"type":"Point","coordinates":[138.509549,-34.438357]}},{"type":"Feature","properties":{"Name":"SAAS - MANNUM STATION","Type":"SA Ambulance","Address":"ADELAIDE ROAD","Suburb":"MANNUM","Postcode":5238,"State":"SA","LHN":"Riverland Mallee Coorong Local Health Network","Geographical LHN":"RMCLHN","Governing Body":"SAAS"},"geometry":{"type":"Point","coordinates":[139.30197,-34.914493]}},{"type":"Feature","properties":{"Name":"SAAS - MARION BAY STATION","Type":"SA Ambulance","Address":"10-20 SLOW STREET","Suburb":"MARION BAY","Postcode":5575,"State":"SA","LHN":"Yorke and Northern Local Health Network","Geographical LHN":"YNLHN","Governing Body":"SAAS"},"geometry":{"type":"Point","coordinates":[136.980309,-35.237444]}},{"type":"Feature","properties":{"Name":"SAAS - MARLA STATION","Type":"SA Ambulance","Address":"LOT 9 PLOVER STREET","Suburb":"MARLA","Postcode":5724,"State":"SA","LHN":"Eyre and Far North Local Health Network","Geographical LHN":"EFNLHN","Governing Body":"SAAS"},"geometry":{"type":"Point","coordinates":[133.622838,-27.30206]}},{"type":"Feature","properties":{"Name":"SAAS - MCLAREN VALE STATION","Type":"SA Ambulance","Address":"ALDERSEY STREET","Suburb":"MCLAREN VALE","Postcode":5171,"State":"SA","LHN":"Southern Adelaide Local Health Network","Geographical LHN":"SALHN","Governing Body":"SAAS"},"geometry":{"type":"Point","coordinates":[138.544546,-35.220777]}},{"type":"Feature","properties":{"Name":"SAAS - MEADOWS STATION","Type":"SA Ambulance","Address":"70-72 MAWSON ROAD","Suburb":"MEADOWS","Postcode":5201,"State":"SA","LHN":"Barossa Hills Fleurieu Local Health Network","Geographical LHN":"BHFLHN","Governing Body":"SAAS"},"geometry":{"type":"Point","coordinates":[138.762823,-35.181153]}},{"type":"Feature","properties":{"Name":"SAAS - MENINGIE STATION","Type":"SA Ambulance","Address":"102 PRINCES HIGHWAY","Suburb":"MENINGIE","Postcode":5264,"State":"SA","LHN":"Riverland Mallee Coorong Local Health Network","Geographical LHN":"RMCLHN","Governing Body":"SAAS"},"geometry":{"type":"Point","coordinates":[139.33679,-35.692379]}},{"type":"Feature","properties":{"Name":"SAAS - MILLICENT STATION","Type":"SA Ambulance","Address":"MOUNT GAMBIER ROAD","Suburb":"MILLICENT","Postcode":5280,"State":"SA","LHN":"Limestone Coast Local Health Network","Geographical LHN":"LCLHN","Governing Body":"SAAS"},"geometry":{"type":"Point","coordinates":[140.358007,-37.598163]}},{"type":"Feature","properties":{"Name":"SAAS - MINLATON STATION","Type":"SA Ambulance","Address":"LOT 198 MAIN STREET","Suburb":"MINLATON","Postcode":5575,"State":"SA","LHN":"Yorke and Northern Local Health Network","Geographical LHN":"YNLHN","Governing Body":"SAAS"},"geometry":{"type":"Point","coordinates":[137.5938,-34.773849]}},{"type":"Feature","properties":{"Name":"SAAS - MARION STATION","Type":"SA Ambulance","Address":"346A STURT ROAD","Suburb":"MITCHELL PARK","Postcode":5043,"State":"SA","LHN":"Southern Adelaide Local Health Network","Geographical LHN":"SALHN","Governing Body":"SAAS"},"geometry":{"type":"Point","coordinates":[138.564751,-35.01654]}},{"type":"Feature","properties":{"Name":"SAAS - MOONTA STATION","Type":"SA Ambulance","Address":"7 RYAN STREET","Suburb":"MOONTA","Postcode":5558,"State":"SA","LHN":"Yorke and Northern Local Health Network","Geographical LHN":"YNLHN","Governing Body":"SAAS"},"geometry":{"type":"Point","coordinates":[137.592695,-34.068307]}},{"type":"Feature","properties":{"Name":"SAAS - PLAYFORD STATION","Type":"SA Ambulance","Address":"LOT 1 TOLMER ROAD","Suburb":"ELIZABETH PARK","Postcode":5113,"State":"SA","LHN":"Northern Adelaide Local Health Network","Geographical LHN":"NALHN","Governing Body":"SAAS"},"geometry":{"type":"Point","coordinates":[138.679295,-34.7078]}},{"type":"Feature","properties":{"Name":"SAAS - ELLISTON STATION","Type":"SA Ambulance","Address":"4-6 MEMORIAL DRIVE","Suburb":"ELLISTON","Postcode":5670,"State":"SA","LHN":"Eyre and Far North Local Health Network","Geographical LHN":"EFNLHN","Governing Body":"SAAS"},"geometry":{"type":"Point","coordinates":[134.892795,-33.648]}},{"type":"Feature","properties":{"Name":"SAAS - EUDUNDA STATION","Type":"SA Ambulance","Address":"BRUCE STREET","Suburb":"EUDUNDA","Postcode":5374,"State":"SA","LHN":"Barossa Hills Fleurieu Local Health Network","Geographical LHN":"BHFLHN","Governing Body":"SAAS"},"geometry":{"type":"Point","coordinates":[139.084085,-34.170996]}},{"type":"Feature","properties":{"Name":"SAAS - FULHAM STATION","Type":"SA Ambulance","Address":"396 GRANGE ROAD","Suburb":"FULHAM GARDENS","Postcode":5024,"State":"SA","LHN":"Central Adelaide Local Health Network","Geographical LHN":"CALHN","Governing Body":"SAAS"},"geometry":{"type":"Point","coordinates":[138.51958,-34.906501]}},{"type":"Feature","properties":{"Name":"SAAS - GAWLER STATION","Type":"SA Ambulance","Address":"121 MAIN NORTH ROAD","Suburb":"GAWLER","Postcode":5118,"State":"SA","LHN":"Barossa Hills Fleurieu Local Health Network","Geographical LHN":"BHFLHN","Governing Body":"SAAS"},"geometry":{"type":"Point","coordinates":[138.746627,-34.57762]}},{"type":"Feature","properties":{"Name":"SAAS - GLADSTONE STATION","Type":"SA Ambulance","Address":"24 HIGH STREET","Suburb":"GLADSTONE","Postcode":5473,"State":"SA","LHN":"Yorke and Northern Local Health Network","Geographical LHN":"YNLHN","Governing Body":"SAAS"},"geometry":{"type":"Point","coordinates":[138.354007,-33.268707]}},{"type":"Feature","properties":{"Name":"SAAS - NOARLUNGA STATION","Type":"SA Ambulance","Address":"LOT 500 FLAXMILL ROAD","Suburb":"MORPHETT VALE","Postcode":5162,"State":"SA","LHN":"Southern Adelaide Local Health Network","Geographical LHN":"SALHN","Governing Body":"SAAS"},"geometry":{"type":"Point","coordinates":[138.511355,-35.127219]}},{"type":"Feature","properties":{"Name":"SAAS - MOUNT BARKER STATION","Type":"SA Ambulance","Address":"21 MANN STREET","Suburb":"MOUNT BARKER","Postcode":5251,"State":"SA","LHN":"Barossa Hills Fleurieu Local Health Network","Geographical LHN":"BHFLHN","Governing Body":"SAAS"},"geometry":{"type":"Point","coordinates":[138.860168,-35.068591]}},{"type":"Feature","properties":{"Name":"SAAS - GOOLWA STATION","Type":"SA Ambulance","Address":"13 GARDINER STREET","Suburb":"GOOLWA","Postcode":5214,"State":"SA","LHN":"Barossa Hills Fleurieu Local Health Network","Geographical LHN":"BHFLHN","Governing Body":"SAAS"},"geometry":{"type":"Point","coordinates":[138.779764,-35.499207]}},{"type":"Feature","properties":{"Name":"SAAS - HAMLEY BRIDGE STATION","Type":"SA Ambulance","Address":"8 LIGHT","Suburb":"HAMLEY BRIDGE","Postcode":5401,"State":"SA","LHN":"Yorke and Northern Local Health Network","Geographical LHN":"YNLHN","Governing Body":"SAAS"},"geometry":{"type":"Point","coordinates":[138.682033,-34.357139]}},{"type":"Feature","properties":{"Name":"SAAS - HAWKER STATION","Type":"SA Ambulance","Address":"WIRREANDA TERRACE","Suburb":"HAWKER","Postcode":5434,"State":"SA","LHN":"Flinders and Upper North Local Health Network","Geographical LHN":"FUNLHN","Governing Body":"SAAS"},"geometry":{"type":"Point","coordinates":[138.427595,-31.893506]}},{"type":"Feature","properties":{"Name":"SAAS - JAMESTOWN STATION","Type":"SA Ambulance","Address":"LOT 14 MUIRKIRK STREET","Suburb":"JAMESTOWN","Postcode":5491,"State":"SA","LHN":"Yorke and Northern Local Health Network","Geographical LHN":"YNLHN","Governing Body":"SAAS"},"geometry":{"type":"Point","coordinates":[138.604743,-33.20664]}},{"type":"Feature","properties":{"Name":"SAAS - KADINA STATION","Type":"SA Ambulance","Address":"6 TAYLOR STREET","Suburb":"KADINA","Postcode":5554,"State":"SA","LHN":"Yorke and Northern Local Health Network","Geographical LHN":"YNLHN","Governing Body":"SAAS"},"geometry":{"type":"Point","coordinates":[137.710719,-33.963422]}},{"type":"Feature","properties":{"Name":"SAAS - KAPUNDA STATION","Type":"SA Ambulance","Address":"10 HILL STREET","Suburb":"KAPUNDA","Postcode":5373,"State":"SA","LHN":"Barossa Hills Fleurieu Local Health Network","Geographical LHN":"BHFLHN","Governing Body":"SAAS"},"geometry":{"type":"Point","coordinates":[138.914503,-34.340543]}},{"type":"Feature","properties":{"Name":"SAAS - TAILEM BEND STATION","Type":"SA Ambulance","Address":"LOT 502 GRANITES ROAD","Suburb":"TAILEM BEND","Postcode":5260,"State":"SA","LHN":"Riverland Mallee Coorong Local Health Network","Geographical LHN":"RMCLHN","Governing Body":"SAAS"},"geometry":{"type":"Point","coordinates":[139.453455,-35.244155]}},{"type":"Feature","properties":{"Name":"SAAS - TINTINARA STATION","Type":"SA Ambulance","Address":"28-30 WENDT TERRACE","Suburb":"TINTINARA","Postcode":5266,"State":"SA","LHN":"Riverland Mallee Coorong Local Health Network","Geographical LHN":"RMCLHN","Governing Body":"SAAS"},"geometry":{"type":"Point","coordinates":[140.057219,-35.882104]}},{"type":"Feature","properties":{"Name":"SAAS - MITCHAM STATION","Type":"SA Ambulance","Address":"221 BELAIR ROAD","Suburb":"TORRENS PARK","Postcode":5062,"State":"SA","LHN":"Southern Adelaide Local Health Network","Geographical LHN":"SALHN","Governing Body":"SAAS"},"geometry":{"type":"Point","coordinates":[138.61196,-34.985702]}},{"type":"Feature","properties":{"Name":"SAAS - TUMBY BAY STATION","Type":"SA Ambulance","Address":"8 ESPLANADE","Suburb":"TUMBY BAY","Postcode":5605,"State":"SA","LHN":"Eyre and Far North Local Health Network","Geographical LHN":"EFNLHN","Governing Body":"SAAS"},"geometry":{"type":"Point","coordinates":[136.104016,-34.371559]}},{"type":"Feature","properties":{"Name":"SAAS - O'HALLORAN HILL STATION","Type":"SA Ambulance","Address":"4 MAJORS ROAD","Suburb":"O'HALLORAN HILL","Postcode":5158,"State":"SA","LHN":"Southern Adelaide Local Health Network","Geographical LHN":"SALHN","Governing Body":"SAAS"},"geometry":{"type":"Point","coordinates":[138.54494,-35.054903]}},{"type":"Feature","properties":{"Name":"SAAS - ORROROO STATION","Type":"SA Ambulance","Address":"12172 R M WILLIAMS WAY","Suburb":"ORROROO","Postcode":5431,"State":"SA","LHN":"Yorke and Northern Local Health Network","Geographical LHN":"YNLHN","Governing Body":"SAAS"},"geometry":{"type":"Point","coordinates":[138.617292,-32.735783]}},{"type":"Feature","properties":{"Name":"SAAS - PADTHAWAY STATION","Type":"SA Ambulance","Address":"2 MEMORIAL DRIVE","Suburb":"PADTHAWAY","Postcode":5271,"State":"SA","LHN":"Limestone Coast Local Health Network","Geographical LHN":"LCLHN","Governing Body":"SAAS"},"geometry":{"type":"Point","coordinates":[140.493131,-36.603102]}},{"type":"Feature","properties":{"Name":"SAAS - PARKSIDE STATION","Type":"SA Ambulance","Address":"6 GLEN OSMOND ROAD","Suburb":"PARKSIDE","Postcode":5063,"State":"SA","LHN":"Central Adelaide Local Health Network","Geographical LHN":"CALHN","Governing Body":"SAAS"},"geometry":{"type":"Point","coordinates":[138.616048,-34.941032]}},{"type":"Feature","properties":{"Name":"SAAS - WESTERN DISTRICTS STATION","Type":"SA Ambulance","Address":"LOT 54 COOK STREET","Suburb":"PARNDANA","Postcode":5220,"State":"SA","LHN":"Barossa Hills Fleurieu Local Health Network","Geographical LHN":"BHFLHN","Governing Body":"SAAS"},"geometry":{"type":"Point","coordinates":[137.26087,-35.789946]}},{"type":"Feature","properties":{"Name":"SAAS - PENNESHAW STATION","Type":"SA Ambulance","Address":"LOT 98 THE LANE","Suburb":"PENNESHAW","Postcode":5222,"State":"SA","LHN":"Barossa Hills Fleurieu Local Health Network","Geographical LHN":"BHFLHN","Governing Body":"SAAS"},"geometry":{"type":"Point","coordinates":[137.937382,-35.718608]}},{"type":"Feature","properties":{"Name":"SAAS - PENOLA STATION","Type":"SA Ambulance","Address":"16E CHURCH STREET","Suburb":"PENOLA","Postcode":5277,"State":"SA","LHN":"Limestone Coast Local Health Network","Geographical LHN":"LCLHN","Governing Body":"SAAS"},"geometry":{"type":"Point","coordinates":[140.836365,-37.383539]}},{"type":"Feature","properties":{"Name":"SAAS - PETERBOROUGH STATION","Type":"SA Ambulance","Address":"19-21 QUEEN STREET","Suburb":"PETERBOROUGH","Postcode":5422,"State":"SA","LHN":"Yorke and Northern Local Health Network","Geographical LHN":"YNLHN","Governing Body":"SAAS"},"geometry":{"type":"Point","coordinates":[138.842694,-32.977011]}},{"type":"Feature","properties":{"Name":"SAAS - PINNAROO STATION","Type":"SA Ambulance","Address":"LOT 104 HOMBURG TERRACE","Suburb":"PINNAROO","Postcode":5304,"State":"SA","LHN":"Riverland Mallee Coorong Local Health Network","Geographical LHN":"RMCLHN","Governing Body":"SAAS"},"geometry":{"type":"Point","coordinates":[140.909884,-35.259686]}},{"type":"Feature","properties":{"Name":"SAAS - PORT ADELAIDE STATION","Type":"SA Ambulance","Address":"3-5 SANTO PDE","Suburb":"PORT ADELAIDE","Postcode":5015,"State":"SA","LHN":"Central Adelaide Local Health Network","Geographical LHN":"CALHN","Governing Body":"SAAS"},"geometry":{"type":"Point","coordinates":[138.511529,-34.843073]}},{"type":"Feature","properties":{"Name":"SAAS - PORT AUGUSTA STATION","Type":"SA Ambulance","Address":"6 GILES STREET","Suburb":"PORT AUGUSTA","Postcode":5700,"State":"SA","LHN":"Flinders and Upper North Local Health Network","Geographical LHN":"FUNLHN","Governing Body":"SAAS"},"geometry":{"type":"Point","coordinates":[137.777111,-32.509242]}},{"type":"Feature","properties":{"Name":"SAAS - PORT BROUGHTON STATION","Type":"SA Ambulance","Address":"BAY STREET","Suburb":"PORT BROUGHTON","Postcode":5522,"State":"SA","LHN":"Yorke and Northern Local Health Network","Geographical LHN":"YNLHN","Governing Body":"SAAS"},"geometry":{"type":"Point","coordinates":[137.934676,-33.601133]}},{"type":"Feature","properties":{"Name":"SAAS - PORT LINCOLN STATION","Type":"SA Ambulance","Address":"4 MARINE AVENUE","Suburb":"PORT LINCOLN","Postcode":5606,"State":"SA","LHN":"Eyre and Far North Local Health Network","Geographical LHN":"EFNLHN","Governing Body":"SAAS"},"geometry":{"type":"Point","coordinates":[135.850637,-34.724833]}},{"type":"Feature","properties":{"Name":"SAAS - PORT NEILL STATION","Type":"SA Ambulance","Address":"BICE STREET","Suburb":"PORT NEILL","Postcode":5604,"State":"SA","LHN":"Eyre and Far North Local Health Network","Geographical LHN":"EFNLHN","Governing Body":"SAAS"},"geometry":{"type":"Point","coordinates":[136.349029,-34.119489]}},{"type":"Feature","properties":{"Name":"SAAS - PORT PIRIE STATION","Type":"SA Ambulance","Address":"97 GREY TERRACE","Suburb":"PORT PIRIE SOUTH","Postcode":5540,"State":"SA","LHN":"Yorke and Northern Local Health Network","Geographical LHN":"YNLHN","Governing Body":"SAAS"},"geometry":{"type":"Point","coordinates":[138.005897,-33.189924]}},{"type":"Feature","properties":{"Name":"SAAS - PORT WAKEFIELD STATION","Type":"SA Ambulance","Address":"2 BURRA STREET","Suburb":"PORT WAKEFIELD","Postcode":5550,"State":"SA","LHN":"Yorke and Northern Local Health Network","Geographical LHN":"YNLHN","Governing Body":"SAAS"},"geometry":{"type":"Point","coordinates":[138.153178,-34.186304]}},{"type":"Feature","properties":{"Name":"SAAS - PROSPECT STATION","Type":"SA Ambulance","Address":"478-480 REGENCY ROAD","Suburb":"PROSPECT","Postcode":5082,"State":"SA","LHN":"Central Adelaide Local Health Network","Geographical LHN":"CALHN","Governing Body":"SAAS"},"geometry":{"type":"Point","coordinates":[138.600431,-34.8735]}},{"type":"Feature","properties":{"Name":"SAAS - QUORN STATION","Type":"SA Ambulance","Address":"LOT 501 WEST TERRACE","Suburb":"QUORN","Postcode":5433,"State":"SA","LHN":"Flinders and Upper North Local Health Network","Geographical LHN":"FUNLHN","Governing Body":"SAAS"},"geometry":{"type":"Point","coordinates":[138.037861,-32.351506]}},{"type":"Feature","properties":{"Name":"SAAS - REDWOOD PARK STATION","Type":"SA Ambulance","Address":"LOT 540 GAYLARD CRES","Suburb":"REDWOOD PARK","Postcode":5097,"State":"SA","LHN":"Northern Adelaide Local Health Network","Geographical LHN":"NALHN","Governing Body":"SAAS"},"geometry":{"type":"Point","coordinates":[138.69526,-34.816977]}},{"type":"Feature","properties":{"Name":"SAAS - RENMARK STATION","Type":"SA Ambulance","Address":"LOT 567 EIGHTEENTH STREET","Suburb":"RENMARK","Postcode":5341,"State":"SA","LHN":"Riverland Mallee Coorong Local Health Network","Geographical LHN":"RMCLHN","Governing Body":"SAAS"},"geometry":{"type":"Point","coordinates":[140.744994,-34.174337]}},{"type":"Feature","properties":{"Name":"SAAS - MOUNT GAMBIER STATION","Type":"SA Ambulance","Address":"46 PENOLA ROAD","Suburb":"MOUNT GAMBIER","Postcode":5290,"State":"SA","LHN":"Limestone Coast Local Health Network","Geographical LHN":"LCLHN","Governing Body":"SAAS"},"geometry":{"type":"Point","coordinates":[140.782817,-37.824895]}},{"type":"Feature","properties":{"Name":"SAAS - MOUNT PLEASANT STATION","Type":"SA Ambulance","Address":"HOSPITAL ROAD","Suburb":"MOUNT PLEASANT","Postcode":5235,"State":"SA","LHN":"Barossa Hills Fleurieu Local Health Network","Geographical LHN":"BHFLHN","Governing Body":"SAAS"},"geometry":{"type":"Point","coordinates":[139.05413,-34.773066]}},{"type":"Feature","properties":{"Name":"SAAS - NANGWARRY STATION","Type":"SA Ambulance","Address":"LOT 304 BEDNALL DRIVE","Suburb":"NANGWARRY","Postcode":5277,"State":"SA","LHN":"Limestone Coast Local Health Network","Geographical LHN":"LCLHN","Governing Body":"SAAS"},"geometry":{"type":"Point","coordinates":[140.814199,-37.542624]}},{"type":"Feature","properties":{"Name":"SAAS - NARACOORTE STATION","Type":"SA Ambulance","Address":"BUTLER TERRACE","Suburb":"NARACOORTE","Postcode":5271,"State":"SA","LHN":"Limestone Coast Local Health Network","Geographical LHN":"LCLHN","Governing Body":"SAAS"},"geometry":{"type":"Point","coordinates":[140.744479,-36.964619]}},{"type":"Feature","properties":{"Name":"SAAS - CAMPBELLTOWN STATION","Type":"SA Ambulance","Address":"MONTACUTE ROAD","Suburb":"NEWTON","Postcode":5074,"State":"SA","LHN":"Central Adelaide Local Health Network","Geographical LHN":"CALHN","Governing Body":"SAAS"},"geometry":{"type":"Point","coordinates":[138.676776,-34.888191]}},{"type":"Feature","properties":{"Name":"SAAS - RIVERTON STATION","Type":"SA Ambulance","Address":"16 TORRENS ROAD","Suburb":"RIVERTON","Postcode":5412,"State":"SA","LHN":"Yorke and Northern Local Health Network","Geographical LHN":"YNLHN","Governing Body":"SAAS"},"geometry":{"type":"Point","coordinates":[138.748257,-34.156881]}},{"type":"Feature","properties":{"Name":"SAAS - ROBE STATION","Type":"SA Ambulance","Address":"LOT 1 O'HALLORAN STREET","Suburb":"ROBE","Postcode":5276,"State":"SA","LHN":"Limestone Coast Local Health Network","Geographical LHN":"LCLHN","Governing Body":"SAAS"},"geometry":{"type":"Point","coordinates":[139.751497,-37.165396]}},{"type":"Feature","properties":{"Name":"SAAS - ROXBY DOWNS STATION","Type":"SA Ambulance","Address":"16-28 BURGOYNE STREET","Suburb":"ROXBY DOWNS","Postcode":5725,"State":"SA","LHN":"Flinders and Upper North Local Health Network","Geographical LHN":"FUNLHN","Governing Body":"SAAS"},"geometry":{"type":"Point","coordinates":[136.89392,-30.562737]}},{"type":"Feature","properties":{"Name":"SAAS - SALISBURY STATION (CLINICAL EDUCATION)","Type":"SA Ambulance","Address":"1-3 BREMEN DRIVE","Suburb":"SALISBURY SOUTH","Postcode":5106,"State":"SA","LHN":"Northern Adelaide Local Health Network","Geographical LHN":"NALHN","Governing Body":"SAAS"},"geometry":{"type":"Point","coordinates":[138.637493,-34.783755]}},{"type":"Feature","properties":{"Name":"SAAS - SNOWTOWN STATION","Type":"SA Ambulance","Address":"3-5 ADELAIDE ROAD","Suburb":"SNOWTOWN","Postcode":5520,"State":"SA","LHN":"Yorke and Northern Local Health Network","Geographical LHN":"YNLHN","Governing Body":"SAAS"},"geometry":{"type":"Point","coordinates":[138.210936,-33.788022]}},{"type":"Feature","properties":{"Name":"SAAS - STRATHALBYN STATION","Type":"SA Ambulance","Address":"3 RANKINE STREET","Suburb":"STRATHALBYN","Postcode":5255,"State":"SA","LHN":"Barossa Hills Fleurieu Local Health Network","Geographical LHN":"BHFLHN","Governing Body":"SAAS"},"geometry":{"type":"Point","coordinates":[138.893083,-35.259809]}},{"type":"Feature","properties":{"Name":"SAAS - STREAKY BAY STATION","Type":"SA Ambulance","Address":"1 FLINDERS DRIVE","Suburb":"STREAKY BAY","Postcode":5680,"State":"SA","LHN":"Eyre and Far North Local Health Network","Geographical LHN":"EFNLHN","Governing Body":"SAAS"},"geometry":{"type":"Point","coordinates":[134.217697,-32.792973]}},{"type":"Feature","properties":{"Name":"SAAS - SWAN REACH STATION","Type":"SA Ambulance","Address":"NILDOTTIE ROAD","Suburb":"SWAN REACH","Postcode":5354,"State":"SA","LHN":"Riverland Mallee Coorong Local Health Network","Geographical LHN":"RMCLHN","Governing Body":"SAAS"},"geometry":{"type":"Point","coordinates":[139.598698,-34.570718]}},{"type":"Feature","properties":{"Name":"SAAS - YORKETOWN STATION","Type":"SA Ambulance","Address":"7 WEANERS STREET","Suburb":"YORKETOWN","Postcode":5576,"State":"SA","LHN":"Yorke and Northern Local Health Network","Geographical LHN":"YNLHN","Governing Body":"SAAS"},"geometry":{"type":"Point","coordinates":[137.606596,-35.021213]}},{"type":"Feature","properties":{"Name":"SAAS - YUNTA STATION","Type":"SA Ambulance","Address":"LOT 3 RAILWAY TERRACE","Suburb":"YUNTA","Postcode":5440,"State":"SA","LHN":"Yorke and Northern Local Health Network","Geographical LHN":"YNLHN","Governing Body":"SAAS"},"geometry":{"type":"Point","coordinates":[139.561251,-32.581592]}},{"type":"Feature","properties":{"Name":"SAAS - BURRA STATION","Type":"SA Ambulance","Address":"MARKET SQ","Suburb":"BURRA","Postcode":5417,"State":"SA","LHN":"Yorke and Northern Local Health Network","Geographical LHN":"YNLHN","Governing Body":"SAAS"},"geometry":{"type":"Point","coordinates":[138.930168,-33.673347]}},{"type":"Feature","properties":{"Name":"SAAS - MORGAN STATION","Type":"SA Ambulance","Address":"FIRST STREET","Suburb":"MORGAN","Postcode":5320,"State":"SA","LHN":"Riverland Mallee Coorong Local Health Network","Geographical LHN":"RMCLHN","Governing Body":"SAAS"},"geometry":{"type":"Point","coordinates":[139.670403,-34.032994]}},{"type":"Feature","properties":{"Name":"SAAS - MURRAY BRIDGE STATION","Type":"SA Ambulance","Address":"DARLING AVENUE","Suburb":"MURRAY BRIDGE","Postcode":5253,"State":"SA","LHN":"Riverland Mallee Coorong Local Health Network","Geographical LHN":"RMCLHN","Governing Body":"SAAS"},"geometry":{"type":"Point","coordinates":[139.285585,-35.144099]}},{"type":"Feature","properties":{"Name":"SAAS - VICTOR HARBOR STATION","Type":"SA Ambulance","Address":"45-47 TORRENS STREET","Suburb":"VICTOR HARBOR","Postcode":5211,"State":"SA","LHN":"Barossa Hills Fleurieu Local Health Network","Geographical LHN":"BHFLHN","Governing Body":"SAAS"},"geometry":{"type":"Point","coordinates":[138.619881,-35.554943]}},{"type":"Feature","properties":{"Name":"SAAS - WAIKERIE STATION","Type":"SA Ambulance","Address":"LOT 480 DOWLING STREET","Suburb":"WAIKERIE","Postcode":5330,"State":"SA","LHN":"Riverland Mallee Coorong Local Health Network","Geographical LHN":"RMCLHN","Governing Body":"SAAS"},"geometry":{"type":"Point","coordinates":[139.986921,-34.182303]}},{"type":"Feature","properties":{"Name":"SAAS - WALLAROO STATION","Type":"SA Ambulance","Address":"LOT 20 ERNEST TERRACE","Suburb":"WALLAROO","Postcode":5556,"State":"SA","LHN":"Yorke and Northern Local Health Network","Geographical LHN":"YNLHN","Governing Body":"SAAS"},"geometry":{"type":"Point","coordinates":[137.636314,-33.929037]}},{"type":"Feature","properties":{"Name":"SAAS - WAROOKA STATION","Type":"SA Ambulance","Address":"36 MAIN STREET","Suburb":"WAROOKA","Postcode":5577,"State":"SA","LHN":"Yorke and Northern Local Health Network","Geographical LHN":"YNLHN","Governing Body":"SAAS"},"geometry":{"type":"Point","coordinates":[137.401778,-34.990493]}},{"type":"Feature","properties":{"Name":"SAAS - WHYALLA STATION","Type":"SA Ambulance","Address":"LOT 104 ST JOHN CRES","Suburb":"WHYALLA PLAYFORD","Postcode":5600,"State":"SA","LHN":"Flinders and Upper North Local Health Network","Geographical LHN":"FUNLHN","Governing Body":"SAAS"},"geometry":{"type":"Point","coordinates":[137.552665,-33.028661]}},{"type":"Feature","properties":{"Name":"SAAS - WOODSIDE STATION","Type":"SA Ambulance","Address":"24 ONKAPARINGA VALL ROAD","Suburb":"WOODSIDE","Postcode":5244,"State":"SA","LHN":"Barossa Hills Fleurieu Local Health Network","Geographical LHN":"BHFLHN","Governing Body":"SAAS"},"geometry":{"type":"Point","coordinates":[138.875872,-34.953545]}},{"type":"Feature","properties":{"Name":"SAAS - WUDINNA STATION","Type":"SA Ambulance","Address":"LOT 29 RICHARDS AVENUE","Suburb":"WUDINNA","Postcode":5652,"State":"SA","LHN":"Eyre and Far North Local Health Network","Geographical LHN":"EFNLHN","Governing Body":"SAAS"},"geometry":{"type":"Point","coordinates":[135.465128,-33.050307]}},{"type":"Feature","properties":{"Name":"SAAS - YANKALILLA STATION","Type":"SA Ambulance","Address":"81 MAIN STREET","Suburb":"YANKALILLA","Postcode":5203,"State":"SA","LHN":"Barossa Hills Fleurieu Local Health Network","Geographical LHN":"BHFLHN","Governing Body":"SAAS"},"geometry":{"type":"Point","coordinates":[138.351519,-35.458381]}},{"type":"Feature","properties":{"Name":"SAAS - SAAS - Rescue, Retrieval and Aviation Services Base","Type":"SA Ambulance","Address":"ADELAIDE AIRPORT, 2 SIR REGINALD ANSETT DRIVE","Suburb":"ADELAIDE AIRPORT","Postcode":5950,"State":"SA","LHN":"Central Adelaide Local Health Network","Geographical LHN":"CALHN","Governing Body":"SAAS"},"geometry":{"type":"Point","coordinates":[138.521297,-34.946987]}},{"type":"Feature","properties":{"Name":"SAAS - SALT CREEK","Type":"SA Ambulance","Address":"11097 PRINCES HIGHWAY","Suburb":"SALT CREEK","Postcode":5264,"State":"SA","LHN":"Riverland Mallee Coorong Local Health Network","Geographical LHN":"RMCLHN","Governing Body":"SAAS"},"geometry":{"type":"Point","coordinates":[139.650016,-36.127414]}},{"type":"Feature","properties":{"Name":"SAAS - SEAFORD STATION","Type":"SA Ambulance","Address":"80 SEAFORD ROAD","Suburb":"SEAFORD","Postcode":5169,"State":"SA","LHN":"Southern Adelaide Local Health Network","Geographical LHN":"SALHN","Governing Body":"SAAS"},"geometry":{"type":"Point","coordinates":[138.478171,-35.181075]}},{"type":"Feature","properties":{"Name":"SAAS - GEPPS CROSS STATION","Type":"SA Ambulance","Address":"7 SCANIA COURT","Suburb":"GEPPS CROSS","Postcode":5094,"State":"SA","LHN":"Northern Adelaide Local Health Network","Geographical LHN":"NALHN","Governing Body":"SAAS"},"geometry":{"type":"Point","coordinates":[138.593479,-34.844423]}},{"type":"Feature","properties":{"Name":"SAAS - EDWARDSTOWN - STATION","Type":"SA Ambulance","Address":"220 DAWS ROAD","Suburb":"EDWARDSTOWN","Postcode":5041,"State":"SA","LHN":"Southern Adelaide Local Health Network","Geographical LHN":"SALHN","Governing Body":"SAAS"},"geometry":{"type":"Point","coordinates":[138.591015,-34.991639]}},{"type":"Feature","properties":{"Name":"SAAS - PORT MACDONNELL - STATION","Type":"SA Ambulance","Address":"MEYLIN STREET","Suburb":"PORT MACDONNELL","Postcode":5291,"State":"SA","LHN":"Limestone Coast Local Health Network","Geographical LHN":"LCLHN","Governing Body":"SAAS"},"geometry":{"type":"Point","coordinates":[140.699655,-38.053089]}},{"type":"Feature","properties":{"Name":"SAAS - PORT KENNY - STATION","Type":"SA Ambulance","Address":"LITTLE STREET","Suburb":"PORT KENNY","Postcode":5671,"State":"SA","LHN":"Eyre and Far North Local Health Network","Geographical LHN":"EFNLHN","Governing Body":"SAAS"},"geometry":{"type":"Point","coordinates":[134.683545,-33.165695]}},{"type":"Feature","properties":{"Name":"SAAS - PARAFIELD STATION","Type":"SA Ambulance","Address":"1A LOCKHEED LANE","Suburb":"PARAFIELD","Postcode":5160,"State":"SA","LHN":"Northern Adelaide Local Health Network","Geographical LHN":"NALHN","Governing Body":"SAAS"},"geometry":{"type":"Point","coordinates":[138.638312,-34.787491]}},{"type":"Feature","properties":{"Name":"SAAS - OAKDEN STATION","Type":"SA Ambulance","Address":"285 FOSTERS ROAD","Suburb":"OAKDEN","Postcode":5086,"State":"SA","LHN":"Northern Adelaide Local Health Network","Geographical LHN":"NALHN","Governing Body":"SAAS"},"geometry":{"type":"Point","coordinates":[138.635853,-34.851069]}},{"type":"Feature","properties":{"Name":"SAAS - GLENGOWRIE","Type":"SA Ambulance","Address":"88A MORPHETT ROAD","Suburb":"GLENGOWRIE","Postcode":5044,"State":"SA","LHN":"Southern Adelaide Local Health Network","Geographical LHN":"SALHN","Governing Body":"SAAS"},"geometry":{"type":"Point","coordinates":[138.537645,-34.980494]}},{"type":"Feature","properties":{"Name":"SAAS - BIRDWOOD","Type":"SA Ambulance","Address":"CORNER TORRENS VALLEY ROAD & BLUMEL ROAD","Suburb":"BIRDWOOD","Postcode":5234,"State":"SA","LHN":"Barossa Hills Fleurieu Local Health Network","Geographical LHN":"BHFLHN","Governing Body":"SAAS"},"geometry":{"type":"Point","coordinates":[138.952636,-34.820389]}},{"type":"Feature","properties":{"Name":"SAAS - BEACHPORT STATION","Type":"SA Ambulance","Address":"GOLFCOURSE ROAD","Suburb":"BEACHPORT","Postcode":5280,"State":"SA","LHN":"Limestone Coast Local Health Network","Geographical LHN":"LCLHN","Governing Body":"SAAS"},"geometry":{"type":"Point","coordinates":[140.009855,-37.476739]}},{"type":"Feature","properties":{"Name":"SAAS - UPPER MURRAY MALLEE VOLUNTEER REGIONA RESPONSE TEAM","Type":"SA Ambulance","Address":"25 CORNWALL STREET","Suburb":"BERRI","Postcode":5343,"State":"SA","LHN":"Riverland Mallee Coorong Local Health Network","Geographical LHN":"RMCLHN","Governing Body":"SAAS"},"geometry":{"type":"Point","coordinates":[140.602151,-34.277435]}},{"type":"Feature","properties":{"Name":"SADS - Adelaide Dental Hospital","Type":"SA Dental","Address":"Corner of North Terrace and George Street","Suburb":"Adelaide","Postcode":5000,"State":"SA","LHN":"Central Adelaide Local Health Network","Geographical LHN":"CALHN","Governing Body":"SCSS"},"geometry":{"type":"Point","coordinates":[138.591268,-34.921506]}},{"type":"Feature","properties":{"Name":"SADS - Angle Park (Parks)","Type":"SA Dental","Address":"Parks Community Dental Clinic, 2/40-44 Trafford Street","Suburb":"Angle Park","Postcode":5010,"State":"SA","LHN":"Central Adelaide Local Health Network","Geographical LHN":"CALHN","Governing Body":"SCSS"},"geometry":{"type":"Point","coordinates":[138.55706,-34.858918]}},{"type":"Feature","properties":{"Name":"SADS - Elizabeth GP Plus","Type":"SA Dental","Address":"16 Playford Boulevard","Suburb":"Elizabeth","Postcode":5112,"State":"SA","LHN":"Northern Adelaide Local Health Network","Geographical LHN":"NALHN","Governing Body":"SCSS"},"geometry":{"type":"Point","coordinates":[138.671079,-34.716801]}},{"type":"Feature","properties":{"Name":"SADS - Evanston","Type":"SA Dental","Address":"20 Para Road","Suburb":"Evanston","Postcode":5116,"State":"SA","LHN":"Barossa Hills Fleurieu Local Health Network","Geographical LHN":"BHFLHN","Governing Body":"SCSS"},"geometry":{"type":"Point","coordinates":[138.734003,-34.616081]}},{"type":"Feature","properties":{"Name":"SADS - Fulham Gardens","Type":"SA Dental","Address":"Mitton Avenue","Suburb":"Henley Beach","Postcode":5022,"State":"SA","LHN":"Central Adelaide Local Health Network","Geographical LHN":"CALHN","Governing Body":"SCSS"},"geometry":{"type":"Point","coordinates":[138.504169,-34.91261]}},{"type":"Feature","properties":{"Name":"SADS - Gawler","Type":"SA Dental","Address":"Gawler Health Service, 21 Hutchinson Road","Suburb":"Gawler East","Postcode":5118,"State":"SA","LHN":"Barossa Hills Fleurieu Local Health Network","Geographical LHN":"BHFLHN","Governing Body":"SCSS"},"geometry":{"type":"Point","coordinates":[138.755161,-34.593246]}},{"type":"Feature","properties":{"Name":"SADS - Gilles Plains","Type":"SA Dental","Address":"TAFE SA, 33 Blacks Road","Suburb":"Gilles Plains","Postcode":5086,"State":"SA","LHN":"Northern Adelaide Local Health Network","Geographical LHN":"NALHN","Governing Body":"SCSS"},"geometry":{"type":"Point","coordinates":[138.653039,-34.851852]}},{"type":"Feature","properties":{"Name":"SADS - Hendon","Type":"SA Dental","Address":"162 Cedar Avenue","Suburb":"Royal Park","Postcode":5014,"State":"SA","LHN":"Central Adelaide Local Health Network","Geographical LHN":"CALHN","Governing Body":"SCSS"},"geometry":{"type":"Point","coordinates":[138.510869,-34.878818]}},{"type":"Feature","properties":{"Name":"SADS - Linden Park","Type":"SA Dental","Address":"5 Highfield Avenue","Suburb":"St Georges","Postcode":5064,"State":"SA","LHN":"Central Adelaide Local Health Network","Geographical LHN":"CALHN","Governing Body":"SCSS"},"geometry":{"type":"Point","coordinates":[138.644555,-34.948206]}},{"type":"Feature","properties":{"Name":"SADS - Magill","Type":"SA Dental","Address":"Magill Primary School","Suburb":"Magill","Postcode":5072,"State":"SA","LHN":"Central Adelaide Local Health Network","Geographical LHN":"CALHN","Governing Body":"SCSS"},"geometry":{"type":"Point","coordinates":[138.679206,-34.913917]}},{"type":"Feature","properties":{"Name":"SADS - Marion GP Plus","Type":"SA Dental","Address":"Level 1, 10 Milham Street","Suburb":"Oaklands Park","Postcode":5046,"State":"SA","LHN":"Southern Adelaide Local Health Network","Geographical LHN":"SALHN","Governing Body":"SCSS"},"geometry":{"type":"Point","coordinates":[138.542127,-35.01327]}},{"type":"Feature","properties":{"Name":"SADS - Marleston","Type":"SA Dental","Address":"229B Marion Road","Suburb":"Marleston","Postcode":5033,"State":"SA","LHN":"Central Adelaide Local Health Network","Geographical LHN":"CALHN","Governing Body":"SCSS"},"geometry":{"type":"Point","coordinates":[138.554218,-34.945034]}},{"type":"Feature","properties":{"Name":"SADS - Millicent","Type":"SA Dental","Address":"17 Ninth Street","Suburb":"Millicent","Postcode":5280,"State":"SA","LHN":"Limestone Coast Local Health Network","Geographical LHN":"LCLHN","Governing Body":"SCSS"},"geometry":{"type":"Point","coordinates":[140.342106,-37.593187]}},{"type":"Feature","properties":{"Name":"SADS - Mitcham","Type":"SA Dental","Address":"Mitcham Primary School, Elphyn Road","Suburb":"Kingswood","Postcode":5062,"State":"SA","LHN":"Southern Adelaide Local Health Network","Geographical LHN":"SALHN","Governing Body":"SCSS"},"geometry":{"type":"Point","coordinates":[138.616272,-34.972971]}},{"type":"Feature","properties":{"Name":"SADS - Modbury GP Plus","Type":"SA Dental","Address":"77 Smart Road","Suburb":"Modbury","Postcode":5092,"State":"SA","LHN":"Northern Adelaide Local Health Network","Geographical LHN":"NALHN","Governing Body":"SCSS"},"geometry":{"type":"Point","coordinates":[138.692326,-34.833645]}},{"type":"Feature","properties":{"Name":"SADS - Mount Barker - Kids","Type":"SA Dental","Address":"Mount Barker Primary School, 2A Dumas Street","Suburb":"Mount Barker","Postcode":5251,"State":"SA","LHN":"Barossa Hills Fleurieu Local Health Network","Geographical LHN":"BHFLHN","Governing Body":"SCSS"},"geometry":{"type":"Point","coordinates":[138.85346,-35.067006]}},{"type":"Feature","properties":{"Name":"SADS - Mount Barker - Adults","Type":"SA Dental","Address":"Mount Barker District Soldiers' Memorial Hospital, 87 Wellington Road","Suburb":"Mount Barker","Postcode":5251,"State":"SA","LHN":"Barossa Hills Fleurieu Local Health Network","Geographical LHN":"BHFLHN","Governing Body":"SCSS"},"geometry":{"type":"Point","coordinates":[138.86994,-35.080352]}},{"type":"Feature","properties":{"Name":"SADS - Mount Gambier","Type":"SA Dental","Address":"Mount Gambier and Districts Health Service, 276-300 Wehl Street North","Suburb":"Mount Gambier","Postcode":5290,"State":"SA","LHN":"Limestone Coast Local Health Network","Geographical LHN":"LCLHN","Governing Body":"SCSS"},"geometry":{"type":"Point","coordinates":[140.785977,-37.805057]}},{"type":"Feature","properties":{"Name":"SADS - Murray Bridge","Type":"SA Dental","Address":"45 Beatty Terrace","Suburb":"Murray Bridge","Postcode":5253,"State":"SA","LHN":"Riverland Mallee Coorong Local Health Network","Geographical LHN":"RMCLHN","Governing Body":"SCSS"},"geometry":{"type":"Point","coordinates":[139.279894,-35.127825]}},{"type":"Feature","properties":{"Name":"SADS - Naracoorte","Type":"SA Dental","Address":"Naracoorte Primary School, 41 Park Terrace","Suburb":"Naracoorte","Postcode":5271,"State":"SA","LHN":"Limestone Coast Local Health Network","Geographical LHN":"LCLHN","Governing Body":"SCSS"},"geometry":{"type":"Point","coordinates":[140.737856,-36.951334]}},{"type":"Feature","properties":{"Name":"SADS - Noarlunga GP Plus","Type":"SA Dental","Address":"2 Alexander Kelly Drive","Suburb":"Noarlunga Centre","Postcode":5168,"State":"SA","LHN":"Southern Adelaide Local Health Network","Geographical LHN":"SALHN","Governing Body":"SCSS"},"geometry":{"type":"Point","coordinates":[138.497397,-35.139045]}},{"type":"Feature","properties":{"Name":"SADS - Pennington","Type":"SA Dental","Address":"Pennington Primary School, Butler Avenue","Suburb":"Pennington","Postcode":5013,"State":"SA","LHN":"Central Adelaide Local Health Network","Geographical LHN":"CALHN","Governing Body":"SCSS"},"geometry":{"type":"Point","coordinates":[138.532721,-34.857075]}},{"type":"Feature","properties":{"Name":"SADS - Port Adelaide","Type":"SA Dental","Address":"Wonggangga Turtpandi Aboriginal Primary Health Care Services, 11 Church Street","Suburb":"Port Adelaide","Postcode":5015,"State":"SA","LHN":"Central Adelaide Local Health Network","Geographical LHN":"CALHN","Governing Body":"SCSS"},"geometry":{"type":"Point","coordinates":[138.50276,-34.846841]}},{"type":"Feature","properties":{"Name":"SADS - Port Augusta","Type":"SA Dental","Address":"Flinders and Far North Community Health Service, 36 Flinders Terrace","Suburb":"Port Augusta","Postcode":5700,"State":"SA","LHN":"Flinders and Upper North Local Health Network","Geographical LHN":"FUNLHN","Governing Body":"SCSS"},"geometry":{"type":"Point","coordinates":[137.765412,-32.493171]}},{"type":"Feature","properties":{"Name":"SADS - Port Lincoln","Type":"SA Dental","Address":"39 Oxford Terrace","Suburb":"Port Lincoln","Postcode":5606,"State":"SA","LHN":"Eyre and Far North Local Health Network","Geographical LHN":"EFNLHN","Governing Body":"SCSS"},"geometry":{"type":"Point","coordinates":[135.850294,-34.724224]}},{"type":"Feature","properties":{"Name":"SADS - Port Pirie","Type":"SA Dental","Address":"Port Pirie Regional Health Service, The Terrace","Suburb":"Port Pirie","Postcode":5540,"State":"SA","LHN":"Yorke and Northern Local Health Network","Geographical LHN":"YNLHN","Governing Body":"SCSS"},"geometry":{"type":"Point","coordinates":[138.004454,-33.177029]}},{"type":"Feature","properties":{"Name":"SADS - Port Pirie West","Type":"SA Dental","Address":"Port Pirie West Primary School, 214 The Terrace","Suburb":"Port Pirie West","Postcode":5540,"State":"SA","LHN":"Yorke and Northern Local Health Network","Geographical LHN":"YNLHN","Governing Body":"SCSS"},"geometry":{"type":"Point","coordinates":[138.002973,-33.181384]}},{"type":"Feature","properties":{"Name":"SADS - Prospect","Type":"SA Dental","Address":"Prospect Primary School, Burrage Place","Suburb":"Prospect","Postcode":5082,"State":"SA","LHN":"Central Adelaide Local Health Network","Geographical LHN":"CALHN","Governing Body":"SCSS"},"geometry":{"type":"Point","coordinates":[138.590791,-34.884427]}},{"type":"Feature","properties":{"Name":"SADS - Riverland (Berri)","Type":"SA Dental","Address":"10 Maddern Avenue","Suburb":"Berri","Postcode":5343,"State":"SA","LHN":"Riverland Mallee Coorong Local Health Network","Geographical LHN":"RMCLHN","Governing Body":"SCSS"},"geometry":{"type":"Point","coordinates":[140.601086,-34.275874]}},{"type":"Feature","properties":{"Name":"SADS - Salisbury","Type":"SA Dental","Address":"21 Hollywood Boulevard","Suburb":"Salisbury Downs","Postcode":5108,"State":"SA","LHN":"Northern Adelaide Local Health Network","Geographical LHN":"NALHN","Governing Body":"SCSS"},"geometry":{"type":"Point","coordinates":[138.623651,-34.768976]}},{"type":"Feature","properties":{"Name":"SADS - Victor Harbor Hospital (Southern Fleurieu Health Service)","Type":"SA Dental","Address":"Harbour View Terrace","Suburb":"Victor Harbor","Postcode":5211,"State":"SA","LHN":"Barossa Hills Fleurieu Local Health Network","Geographical LHN":"BHFLHN","Governing Body":"SCSS"},"geometry":{"type":"Point","coordinates":[138.607391,-35.560858]}},{"type":"Feature","properties":{"Name":"SADS - Wallaroo","Type":"SA Dental","Address":"Wallaroo Hospital and Health Services, 1 Ernest Terrace","Suburb":"Wallaroo","Postcode":5556,"State":"SA","LHN":"Yorke and Northern Local Health Network","Geographical LHN":"YNLHN","Governing Body":"SCSS"},"geometry":{"type":"Point","coordinates":[137.636632,-33.928552]}},{"type":"Feature","properties":{"Name":"SADS - Whyalla","Type":"SA Dental","Address":"Whyalla Oral Health Centre, 111 Nicolson Avenue","Suburb":"Whyalla Norrie","Postcode":5608,"State":"SA","LHN":"Flinders and Upper North Local Health Network","Geographical LHN":"FUNLHN","Governing Body":"SCSS"},"geometry":{"type":"Point","coordinates":[137.546723,-33.029228]}},{"type":"Feature","properties":{"Name":"SAMI - Clare Hospital","Type":"SA Medical Imaging","Address":"47 Farrel Flat Road","Suburb":"Clare","Postcode":5453,"State":"SA","LHN":"Yorke and Northern Local Health Network","Geographical LHN":"YNLHN","Governing Body":"SCSS"},"geometry":{"type":"Point","coordinates":[138.614273,-33.829459]}},{"type":"Feature","properties":{"Name":"SAMI - Flinders Medical Centre","Type":"SA Medical Imaging","Address":"Flinders Drive","Suburb":"Bedford Park","Postcode":5042,"State":"SA","LHN":"Southern Adelaide Local Health Network","Geographical LHN":"SALHN","Governing Body":"SCSS"},"geometry":{"type":"Point","coordinates":[138.569012,-35.020446]}},{"type":"Feature","properties":{"Name":"SAMI - Lyell McEwin Hospital, Nuclear Medicine","Type":"SA Medical Imaging","Address":"120-130 Haydown Road","Suburb":"Elizabeth Vale","Postcode":5112,"State":"SA","LHN":"Northern Adelaide Local Health Network","Geographical LHN":"NALHN","Governing Body":"SCSS"},"geometry":{"type":"Point","coordinates":[138.664487,-34.747776]}},{"type":"Feature","properties":{"Name":"SAMI - Lyell McEwin Hospital, Medical Imaging","Type":"SA Medical Imaging","Address":"120-130 Haydown Road","Suburb":"Elizabeth Vale","Postcode":5112,"State":"SA","LHN":"Northern Adelaide Local Health Network","Geographical LHN":"NALHN","Governing Body":"SCSS"},"geometry":{"type":"Point","coordinates":[138.663843,-34.74728]}},{"type":"Feature","properties":{"Name":"SAMI - Murray Bridge Soldiers’ Memorial Hospital","Type":"SA Medical Imaging","Address":"96 Swanport Road","Suburb":"Murray Bridge","Postcode":5253,"State":"SA","LHN":"Riverland Mallee Coorong Local Health Network","Geographical LHN":"RMCLHN","Governing Body":"SCSS"},"geometry":{"type":"Point","coordinates":[139.280279,-35.128869]}},{"type":"Feature","properties":{"Name":"SAMI - Port Pirie Regional Health Service","Type":"SA Medical Imaging","Address":"Alexander Street","Suburb":"Port Pirie","Postcode":5540,"State":"SA","LHN":"Yorke and Northern Local Health Network","Geographical LHN":"YNLHN","Governing Body":"SCSS"},"geometry":{"type":"Point","coordinates":[138.004369,-33.177097]}},{"type":"Feature","properties":{"Name":"SAMI - QE Specialist Centre","Type":"SA Medical Imaging","Address":"35 Woodville Road","Suburb":"Woodville South","Postcode":5011,"State":"SA","LHN":"Central Adelaide Local Health Network","Geographical LHN":"CALHN","Governing Body":"SCSS"},"geometry":{"type":"Point","coordinates":[138.533257,-34.882764]}},{"type":"Feature","properties":{"Name":"SAMI - Repat Health Precinct","Type":"SA Medical Imaging","Address":"216 Daws Road","Suburb":"Daw Park","Postcode":5041,"State":"SA","LHN":"Southern Adelaide Local Health Network","Geographical LHN":"SALHN","Governing Body":"SCSS"},"geometry":{"type":"Point","coordinates":[138.588789,-34.990698]}},{"type":"Feature","properties":{"Name":"SAMI - Riverland General Hospital","Type":"SA Medical Imaging","Address":"10 Maddern Street","Suburb":"Berri","Postcode":5343,"State":"SA","LHN":"Riverland Mallee Coorong Local Health Network","Geographical LHN":"RMCLHN","Governing Body":"SCSS"},"geometry":{"type":"Point","coordinates":[140.601661,-34.276101]}},{"type":"Feature","properties":{"Name":"SAMI - Royal Adelaide Hospital, Medical Imaging","Type":"SA Medical Imaging","Address":"Port Road","Suburb":"Adelaide","Postcode":5000,"State":"SA","LHN":"Central Adelaide Local Health Network","Geographical LHN":"CALHN","Governing Body":"SCSS"},"geometry":{"type":"Point","coordinates":[138.586462,-34.920948]}},{"type":"Feature","properties":{"Name":"SAMI - Royal Adelaide Hospital, Nuclear Medicine","Type":"SA Medical Imaging","Address":"Port Road","Suburb":"Adelaide","Postcode":5000,"State":"SA","LHN":"Central Adelaide Local Health Network","Geographical LHN":"CALHN","Governing Body":"SCSS"},"geometry":{"type":"Point","coordinates":[138.587722,-34.921097]}},{"type":"Feature","properties":{"Name":"SAMI - The Queen Elizabeth Hospital, Medical Imaging ","Type":"SA Medical Imaging","Address":"28 Woodville Road","Suburb":"Woodville South","Postcode":5011,"State":"SA","LHN":"Central Adelaide Local Health Network","Geographical LHN":"CALHN","Governing Body":"SCSS"},"geometry":{"type":"Point","coordinates":[138.533709,-34.8835]}},{"type":"Feature","properties":{"Name":"SAMI - The Queen Elizabeth Hospital, Nuclear Medicine","Type":"SA Medical Imaging","Address":"28 Woodville Road","Suburb":"Woodville South","Postcode":5011,"State":"SA","LHN":"Central Adelaide Local Health Network","Geographical LHN":"CALHN","Governing Body":"SCSS"},"geometry":{"type":"Point","coordinates":[138.533183,-34.883577]}},{"type":"Feature","properties":{"Name":"SAMI - Women’s and Children’s Hospital","Type":"SA Medical Imaging","Address":"72 King William Road","Suburb":"North Adelaide","Postcode":5006,"State":"SA","LHN":"Women's and Children's Health Network","Geographical LHN":"WCHN","Governing Body":"SCSS"},"geometry":{"type":"Point","coordinates":[138.599863,-34.911658]}},{"type":"Feature","properties":{"Name":"SA PATH - Adelaide (Royal Adelaide Hospital)","Type":"SA Pathology","Address":"Level 3H, Port Road","Suburb":"Adelaide","Postcode":5000,"State":"SA","LHN":"Central Adelaide Local Health Network","Geographical LHN":"CALHN","Governing Body":"SCSS"},"geometry":{"type":"Point","coordinates":[138.586622,-34.920419]}},{"type":"Feature","properties":{"Name":"SA PATH - Adelaide (SA Pathology Laboratory)","Type":"SA Pathology","Address":"Frome Road","Suburb":"Adelaide","Postcode":5000,"State":"SA","LHN":"Central Adelaide Local Health Network","Geographical LHN":"CALHN","Governing Body":"SCSS"},"geometry":{"type":"Point","coordinates":[138.608112,-34.91974]}},{"type":"Feature","properties":{"Name":"SA PATH - Bedford Park (Flinders Medical Centre)","Type":"SA Pathology","Address":"Level 6, Room 6D101, Flinders Drive","Suburb":"Bedford Park","Postcode":5042,"State":"SA","LHN":"Southern Adelaide Local Health Network","Geographical LHN":"SALHN","Governing Body":"SCSS"},"geometry":{"type":"Point","coordinates":[138.568779,-35.021397]}},{"type":"Feature","properties":{"Name":"SA PATH - Elizabeth Vale (Lyell McEwin Health Service)","Type":"SA Pathology","Address":"Haydown Road","Suburb":"Elizabeth Vale","Postcode":5112,"State":"SA","LHN":"Northern Adelaide Local Health Network","Geographical LHN":"NALHN","Governing Body":"SCSS"},"geometry":{"type":"Point","coordinates":[138.666023,-34.748]}},{"type":"Feature","properties":{"Name":"SA PATH - Gawler Health Service","Type":"SA Pathology","Address":"21 Hutchinson Road","Suburb":"Gawler","Postcode":5118,"State":"SA","LHN":"Barossa Hills Fleurieu Local Health Network","Geographical LHN":"BHFLHN","Governing Body":"SCSS"},"geometry":{"type":"Point","coordinates":[138.754808,-34.59397]}},{"type":"Feature","properties":{"Name":"SA PATH - Modbury Hospital","Type":"SA Pathology","Address":"Smart Road","Suburb":"Modbury","Postcode":5092,"State":"SA","LHN":"Northern Adelaide Local Health Network","Geographical LHN":"NALHN","Governing Body":"SCSS"},"geometry":{"type":"Point","coordinates":[138.690753,-34.833915]}},{"type":"Feature","properties":{"Name":"SA PATH - Noarlunga Health Service","Type":"SA Pathology","Address":"Alexander Kelly Drive","Suburb":"Noarlunga Centre","Postcode":5168,"State":"SA","LHN":"Southern Adelaide Local Health Network","Geographical LHN":"SALHN","Governing Body":"SCSS"},"geometry":{"type":"Point","coordinates":[138.498732,-35.139484]}},{"type":"Feature","properties":{"Name":"SA PATH - North Adelaide (Women's and Children's Hospital)","Type":"SA Pathology","Address":"4th floor Rieger Building, King William Road (via Kermode Street Main Entrance)","Suburb":"North Adelaide","Postcode":5006,"State":"SA","LHN":"Women's and Children's Health Network","Geographical LHN":"WCHN","Governing Body":"SCSS"},"geometry":{"type":"Point","coordinates":[138.599888,-34.911895]}},{"type":"Feature","properties":{"Name":"SA PATH - Woodville (The Queen Elizabeth Hospital)","Type":"SA Pathology","Address":"28 Woodville Road","Suburb":"Woodville","Postcode":5011,"State":"SA","LHN":"Central Adelaide Local Health Network","Geographical LHN":"CALHN","Governing Body":"SCSS"},"geometry":{"type":"Point","coordinates":[138.533466,-34.883953]}},{"type":"Feature","properties":{"Name":"SA PATH - Berri Hospital","Type":"SA Pathology","Address":"Maddern Avenue","Suburb":"Berri","Postcode":5343,"State":"SA","LHN":"Riverland Mallee Coorong Local Health Network","Geographical LHN":"RMCLHN","Governing Body":"SCSS"},"geometry":{"type":"Point","coordinates":[140.600809,-34.275444]}},{"type":"Feature","properties":{"Name":"SA PATH - Mount Gambier Hospital","Type":"SA Pathology","Address":"Wehl Street North","Suburb":"Mount Gambier","Postcode":5290,"State":"SA","LHN":"Limestone Coast Local Health Network","Geographical LHN":"LCLHN","Governing Body":"SCSS"},"geometry":{"type":"Point","coordinates":[140.78626,-37.805387]}},{"type":"Feature","properties":{"Name":"SA PATH - Murray Bridge Hospital","Type":"SA Pathology","Address":"Swanport Road","Suburb":"Murray Bridge","Postcode":5253,"State":"SA","LHN":"Riverland Mallee Coorong Local Health Network","Geographical LHN":"RMCLHN","Governing Body":"SCSS"},"geometry":{"type":"Point","coordinates":[139.280764,-35.128654]}},{"type":"Feature","properties":{"Name":"SA PATH - Port Augusta Hospital","Type":"SA Pathology","Address":"Hospital Road","Suburb":",Port Augusta","Postcode":5700,"State":"SA","LHN":"Flinders and Upper North Local Health Network","Geographical LHN":"FUNLHN","Governing Body":"SCSS"},"geometry":{"type":"Point","coordinates":[137.77526,-32.509685]}},{"type":"Feature","properties":{"Name":"SA PATH - Port Lincoln Hospital","Type":"SA Pathology","Address":"Oxford Terrace","Suburb":"Port Lincoln","Postcode":5606,"State":"SA","LHN":"Eyre and Far North Local Health Network","Geographical LHN":"EFNLHN","Governing Body":"SCSS"},"geometry":{"type":"Point","coordinates":[135.849835,-34.724291]}},{"type":"Feature","properties":{"Name":"SA PATH - Port Pirie Hospital","Type":"SA Pathology","Address":"Alexander Street","Suburb":"Port Pirie","Postcode":5540,"State":"SA","LHN":"Yorke and Northern Local Health Network","Geographical LHN":"YNLHN","Governing Body":"SCSS"},"geometry":{"type":"Point","coordinates":[138.004426,-33.17782]}},{"type":"Feature","properties":{"Name":"SA PATH - Victor Harbor (South Coast District Hospital)","Type":"SA Pathology","Address":"Harbour View Terrace","Suburb":"Victor Harbor","Postcode":5211,"State":"SA","LHN":"Barossa Hills Fleurieu Local Health Network","Geographical LHN":"BHFLHN","Governing Body":"SCSS"},"geometry":{"type":"Point","coordinates":[138.607773,-35.561052]}},{"type":"Feature","properties":{"Name":"SA PATH - Wallaroo Hospital","Type":"SA Pathology","Address":"Ernest Terrace","Suburb":"Wallaroo","Postcode":5556,"State":"SA","LHN":"Yorke and Northern Local Health Network","Geographical LHN":"YNLHN","Governing Body":"SCSS"},"geometry":{"type":"Point","coordinates":[137.636833,-33.927998]}},{"type":"Feature","properties":{"Name":"SA PATH - Whyalla Hospital","Type":"SA Pathology","Address":"Wood Terrace","Suburb":"Whyalla","Postcode":5600,"State":"SA","LHN":"Flinders and Upper North Local Health Network","Geographical LHN":"FUNLHN","Governing Body":"SCSS"},"geometry":{"type":"Point","coordinates":[137.576829,-33.033966]}},{"type":"Feature","properties":{"Name":"SAPHARM - Flinders Medical Centre","Type":"SA Pharmacy","Address":"Flinders Drive","Suburb":"Bedford Park","Postcode":5042,"State":"SA","LHN":"Southern Adelaide Local Health Network","Geographical LHN":"SALHN","Governing Body":"SCSS"},"geometry":{"type":"Point","coordinates":[138.569094,-35.02266]}},{"type":"Feature","properties":{"Name":"SAPHARM - Gawler Health Service","Type":"SA Pharmacy","Address":"21 Hutchinson Road","Suburb":"Gawler East","Postcode":5118,"State":"SA","LHN":"Barossa Hills Fleurieu Local Health Network","Geographical LHN":"BHFLHN","Governing Body":"SCSS"},"geometry":{"type":"Point","coordinates":[138.75516,-34.593258]}},{"type":"Feature","properties":{"Name":"SAPHARM - Glenside Health Campus (Inpatient Rehab Services Building","Type":"SA Pharmacy","Address":"2 Karrayarta Drive","Suburb":"Glenside","Postcode":5065,"State":"SA","LHN":"Central Adelaide Local Health Network","Geographical LHN":"CALHN","Governing Body":"SCSS"},"geometry":{"type":"Point","coordinates":[138.629334,-34.945084]}},{"type":"Feature","properties":{"Name":"SAPHARM - Hampstead Rehabilitation Centre (HRC)","Type":"SA Pharmacy","Address":"205-207 Hampstead Road","Suburb":"Lightsview","Postcode":5085,"State":"SA","LHN":"Northern Adelaide Local Health Network","Geographical LHN":"NALHN","Governing Body":"SCSS"},"geometry":{"type":"Point","coordinates":[138.620159,-34.861244]}},{"type":"Feature","properties":{"Name":"SAPHARM - Lyell McEwin Hospital","Type":"SA Pharmacy","Address":"120-130 Haydown Road","Suburb":"Elizabeth Vale","Postcode":5112,"State":"SA","LHN":"Northern Adelaide Local Health Network","Geographical LHN":"NALHN","Governing Body":"SCSS"},"geometry":{"type":"Point","coordinates":[138.664556,-34.747435]}},{"type":"Feature","properties":{"Name":"SAPHARM - Modbury Hospital","Type":"SA Pharmacy","Address":"Smart Road","Suburb":"Modbury","Postcode":5092,"State":"SA","LHN":"Northern Adelaide Local Health Network","Geographical LHN":"NALHN","Governing Body":"SCSS"},"geometry":{"type":"Point","coordinates":[138.69045,-34.834009]}},{"type":"Feature","properties":{"Name":"SAPHARM - Mount Barker District Soilder's Memorial Hospital","Type":"SA Pharmacy","Address":"87 Wellington Road","Suburb":"Mount Barker","Postcode":5251,"State":"SA","LHN":"Barossa Hills Fleurieu Local Health Network","Geographical LHN":"BHFLHN","Governing Body":"SCSS"},"geometry":{"type":"Point","coordinates":[138.870054,-35.082064]}},{"type":"Feature","properties":{"Name":"SAPHARM - Mount Gambier Hospital","Type":"SA Pharmacy","Address":"276-300 Wehl Street North","Suburb":"Mount Gambier","Postcode":5290,"State":"SA","LHN":"Limestone Coast Local Health Network","Geographical LHN":"LCLHN","Governing Body":"SCSS"},"geometry":{"type":"Point","coordinates":[140.786491,-37.805472]}},{"type":"Feature","properties":{"Name":"SAPHARM - Murray Bridge Soldiers' Memorial Hospital","Type":"SA Pharmacy","Address":"96 Swanport Road","Suburb":"Murray Bridge","Postcode":5253,"State":"SA","LHN":"Riverland Mallee Coorong Local Health Network","Geographical LHN":"RMCLHN","Governing Body":"SCSS"},"geometry":{"type":"Point","coordinates":[139.28054,-35.128972]}},{"type":"Feature","properties":{"Name":"SAPHARM - Noarlunga Hospital","Type":"SA Pharmacy","Address":"Alexander Kelly Drive","Suburb":"Noarlunga","Postcode":5168,"State":"SA","LHN":"Southern Adelaide Local Health Network","Geographical LHN":"SALHN","Governing Body":"SCSS"},"geometry":{"type":"Point","coordinates":[138.50013,-35.139849]}},{"type":"Feature","properties":{"Name":"SAPHARM - Port Augusta Hospital","Type":"SA Pharmacy","Address":"71 Hospital Road","Suburb":"Port Augusta","Postcode":5700,"State":"SA","LHN":"Flinders and Upper North Local Health Network","Geographical LHN":"FUNLHN","Governing Body":"SCSS"},"geometry":{"type":"Point","coordinates":[137.775599,-32.510147]}},{"type":"Feature","properties":{"Name":"SAPHARM - Port Lincoln Hospital","Type":"SA Pharmacy","Address":"39 Oxford Terrace","Suburb":"Port Lincoln","Postcode":5606,"State":"SA","LHN":"Eyre and Far North Local Health Network","Geographical LHN":"EFNLHN","Governing Body":"SCSS"},"geometry":{"type":"Point","coordinates":[135.850212,-34.724115]}},{"type":"Feature","properties":{"Name":"SAPHARM - Port Pirie Regional Health Service","Type":"SA Pharmacy","Address":"Alexander Street","Suburb":"Port Pirie","Postcode":5540,"State":"SA","LHN":"Yorke and Northern Local Health Network","Geographical LHN":"YNLHN","Governing Body":"SCSS"},"geometry":{"type":"Point","coordinates":[138.004754,-33.177613]}},{"type":"Feature","properties":{"Name":"SAPHARM - Repat Health Precinct Pharmacy","Type":"SA Pharmacy","Address":"216 Daws Road","Suburb":"Daw Park","Postcode":5041,"State":"SA","LHN":"Southern Adelaide Local Health Network","Geographical LHN":"SALHN","Governing Body":"SCSS"},"geometry":{"type":"Point","coordinates":[138.587978,-34.990503]}},{"type":"Feature","properties":{"Name":"SAPHARM - Riverland General Hospital (Berri)","Type":"SA Pharmacy","Address":"10 Maddern Street","Suburb":"Berri","Postcode":5343,"State":"SA","LHN":"Riverland Mallee Coorong Local Health Network","Geographical LHN":"RMCLHN","Governing Body":"SCSS"},"geometry":{"type":"Point","coordinates":[140.601017,-34.275962]}},{"type":"Feature","properties":{"Name":"SAPHARM - Royal Adelaide Hospital (RAH)","Type":"SA Pharmacy","Address":"Port Road","Suburb":"Adelaide","Postcode":5000,"State":"SA","LHN":"Central Adelaide Local Health Network","Geographical LHN":"CALHN","Governing Body":"SCSS"},"geometry":{"type":"Point","coordinates":[138.58758,-34.921116]}},{"type":"Feature","properties":{"Name":"SAPHARM - Victor Harbor Hospital (Southern Fleurieu Health Service)","Type":"SA Pharmacy","Address":"Harbour View Terrace","Suburb":"Victor Harbor","Postcode":5211,"State":"SA","LHN":"Barossa Hills Fleurieu Local Health Network","Geographical LHN":"BHFLHN","Governing Body":"SCSS"},"geometry":{"type":"Point","coordinates":[138.606795,-35.561324]}},{"type":"Feature","properties":{"Name":"SAPHARM - The Queen Elizabeth Hospital (TQEH)","Type":"SA Pharmacy","Address":"28 Woodville Road","Suburb":"Woodville South","Postcode":5011,"State":"SA","LHN":"Central Adelaide Local Health Network","Geographical LHN":"CALHN","Governing Body":"SCSS"},"geometry":{"type":"Point","coordinates":[138.53295,-34.883908]}},{"type":"Feature","properties":{"Name":"SAPHARM - Whyalla Hospital","Type":"SA Pharmacy","Address":"20 Wood Terrace","Suburb":"Whyalla","Postcode":5600,"State":"SA","LHN":"Flinders and Upper North Local Health Network","Geographical LHN":"FUNLHN","Governing Body":"SCSS"},"geometry":{"type":"Point","coordinates":[137.577112,-33.034216]}},{"type":"Feature","properties":{"Name":"SAPHARM - Women's and Children's Hospital","Type":"SA Pharmacy","Address":"72 King William Road","Suburb":"North Adelaide","Postcode":5006,"State":"SA","LHN":"Women's & Children's Health Network","Geographical LHN":"WCHN","Governing Body":"SCSS"},"geometry":{"type":"Point","coordinates":[138.600183,-34.91194]}},{"type":"Feature","properties":{"Name":"BSSA - Adelaide - David Jones Rose Clinic","Type":"BreastScreen SA","Address":"Bonython Jubilee Building, Frome Road","Suburb":"Adelaide","Postcode":5000,"State":"SA","LHN":"Central Adelaide Local Health Network","Geographical LHN":"CALHN","Governing Body":"SCSS"},"geometry":{"type":"Point","coordinates":[138.606312,-34.919412]}},{"type":"Feature","properties":{"Name":"BSSA - Arndale Clinic","Type":"BreastScreen SA","Address":"73/470 Torrens Rd","Suburb":" Kilkenny","Postcode":5009,"State":"SA","LHN":"Central Adelaide Local Health Network","Geographical LHN":"CALHN","Governing Body":"SCSS"},"geometry":{"type":"Point","coordinates":[138.549134,-34.874508]}},{"type":"Feature","properties":{"Name":"BSSA - Assessment Clinic - Wakefield Street, Adelaide","Type":"BreastScreen SA","Address":"Level 1/300 Wakefield St","Suburb":"Adelaide","Postcode":5000,"State":"SA","LHN":"Central Adelaide Local Health Network","Geographical LHN":"CALHN","Governing Body":"SCSS"},"geometry":{"type":"Point","coordinates":[138.610994,-34.927933]}},{"type":"Feature","properties":{"Name":"BSSA - Christies Beach Clinic","Type":"BreastScreen SA","Address":"107-109 Dyson Rd","Suburb":"Christies Beach","Postcode":5165,"State":"SA","LHN":"Southern Adelaide Local Health Network","Geographical LHN":"SALHN","Governing Body":"SCSS"},"geometry":{"type":"Point","coordinates":[138.485774,-35.136765]}},{"type":"Feature","properties":{"Name":"BSSA - Elizabeth Clinic","Type":"BreastScreen SA","Address":"16 Playford Blvd","Suburb":"Elizabeth","Postcode":5112,"State":"SA","LHN":"Northern Adelaide Local Health Network","Geographical LHN":"NALHN","Governing Body":"SCSS"},"geometry":{"type":"Point","coordinates":[138.671219,-34.716946]}},{"type":"Feature","properties":{"Name":"BSSA - Hyde Park Clinic","Type":"BreastScreen SA","Address":"292-294 Unley Rd","Suburb":"Hyde Park","Postcode":5061,"State":"SA","LHN":"Central Adelaide Local Health Network","Geographical LHN":"CALHN","Governing Body":"SCSS"},"geometry":{"type":"Point","coordinates":[138.607834,-34.95648]}},{"type":"Feature","properties":{"Name":"BSSA - Marion Clinic","Type":"BreastScreen SA","Address":"199 Sturt Rd","Suburb":"Seacombe Gardens","Postcode":5047,"State":"SA","LHN":"Southern Adelaide Local Health Network","Geographical LHN":"SALHN","Governing Body":"SCSS"},"geometry":{"type":"Point","coordinates":[138.54557,-35.017956]}},{"type":"Feature","properties":{"Name":"BSSA - Modbury Clinic","Type":"BreastScreen SA","Address":"77 Smart Rd","Suburb":"Modbury","Postcode":5092,"State":"SA","LHN":"Northern Adelaide Local Health Network","Geographical LHN":"NALHN","Governing Body":"SCSS"},"geometry":{"type":"Point","coordinates":[138.692335,-34.8339]}},{"type":"Feature","properties":{"Name":"BSSA - Mount Barker Clinic","Type":"BreastScreen SA","Address":"85 Wellington Rd","Suburb":"Mount Barker","Postcode":5251,"State":"SA","LHN":"Barossa Hills Fleurieu Local Health Network","Geographical LHN":"BHFLHN","Governing Body":"SCSS"},"geometry":{"type":"Point","coordinates":[138.86916,-35.081388]}},{"type":"Feature","properties":{"Name":"NSP Pharmacy (Cost Involved) - Terry White Chemmart Glenelg East Day &amp; Night Pharmacy","Type":"Drug and Alcohol Services South Australia","Address":"1 Cliff Street GLENELG EAST SA 5045","Suburb":null,"Postcode":null,"State":"SA","LHN":null,"Geographical LHN":null,"Governing Body":"DASSA - NSP Pharmacy (Cost Involved)"},"geometry":{"type":"Point","coordinates":[138.523847,-34.986801]}},{"type":"Feature","properties":{"Name":"NSP Pharmacy (Cost Involved) - Chemist King Morphett Vale","Type":"Drug and Alcohol Services South Australia","Address":"1 Doctors Road MORPHETT VALE SA 5162","Suburb":null,"Postcode":null,"State":"SA","LHN":null,"Geographical LHN":null,"Governing Body":"DASSA - NSP Pharmacy (Cost Involved)"},"geometry":{"type":"Point","coordinates":[138.524934,-35.13623]}},{"type":"Feature","properties":{"Name":"24-Hour Syringe Vending Machine - 24-Hour Syringe Vending Machine: Wallaroo Hospital and Health Services","Type":"Drug and Alcohol Services South Australia","Address":"1 Ernest Terrace WALLAROO SA 5556","Suburb":null,"Postcode":null,"State":"SA","LHN":null,"Geographical LHN":null,"Governing Body":"DASSA - 24-Hour Syringe Vending Machine"},"geometry":{"type":"Point","coordinates":[137.636637,-33.928541]}},{"type":"Feature","properties":{"Name":"NSP Site - Wallaroo Hospital and Health Services","Type":"Drug and Alcohol Services South Australia","Address":"1 Ernest Terrace WALLAROO SA 5556","Suburb":null,"Postcode":null,"State":"SA","LHN":null,"Geographical LHN":null,"Governing Body":"DASSA - NSP Site"},"geometry":{"type":"Point","coordinates":[137.636637,-33.928541]}},{"type":"Feature","properties":{"Name":"NSP Pharmacy (Cost Involved) - Stansbury Pharmacy","Type":"Drug and Alcohol Services South Australia","Address":"1 St Vincent Street STANSBURY SA 5582","Suburb":null,"Postcode":null,"State":"SA","LHN":null,"Geographical LHN":null,"Governing Body":"DASSA - NSP Pharmacy (Cost Involved)"},"geometry":{"type":"Point","coordinates":[137.79698,-34.908267]}},{"type":"Feature","properties":{"Name":"NSP Pharmacy (Cost Involved) - Terry White Chemmart Balaklava","Type":"Drug and Alcohol Services South Australia","Address":"1 Wallace Street BALAKLAVA SA 5461","Suburb":null,"Postcode":null,"State":"SA","LHN":null,"Geographical LHN":null,"Governing Body":"DASSA - NSP Pharmacy (Cost Involved)"},"geometry":{"type":"Point","coordinates":[138.414899,-34.146178]}},{"type":"Feature","properties":{"Name":"NSP Site - Moorundi Aboriginal Community Controlled Health Service","Type":"Drug and Alcohol Services South Australia","Address":"1 Wharf Road MURRAY BRIDGE SA 5253","Suburb":null,"Postcode":null,"State":"SA","LHN":null,"Geographical LHN":null,"Governing Body":"DASSA - NSP Site"},"geometry":{"type":"Point","coordinates":[139.279818,-35.117495]}},{"type":"Feature","properties":{"Name":"NSP Pharmacy (Cost Involved) - Terry White Chemmart Main Road Blackwood","Type":"Drug and Alcohol Services South Australia","Address":"1248 Main Road BLACKWOOD SA 5051","Suburb":null,"Postcode":null,"State":"SA","LHN":null,"Geographical LHN":null,"Governing Body":"DASSA - NSP Pharmacy (Cost Involved)"},"geometry":{"type":"Point","coordinates":[138.627853,-35.0703]}},{"type":"Feature","properties":{"Name":"Extended Product Range NSP Site - West Coast Youth and Community Support (Extended Product Range)","Type":"Drug and Alcohol Services South Australia","Address":"17 Mortlock Terrace PORT LINCOLN SA 5606","Suburb":null,"Postcode":null,"State":"SA","LHN":null,"Geographical LHN":null,"Governing Body":"DASSA - Extended Product Range NSP Site"},"geometry":{"type":"Point","coordinates":[135.858829,-34.725033]}},{"type":"Feature","properties":{"Name":"NSP Site - West Coast Youth and Community Support (Extended Product Range)","Type":"Drug and Alcohol Services South Australia","Address":"17 Mortlock Terrace PORT LINCOLN SA 5606","Suburb":null,"Postcode":null,"State":"SA","LHN":null,"Geographical LHN":null,"Governing Body":"DASSA - NSP Site"},"geometry":{"type":"Point","coordinates":[135.858829,-34.725033]}},{"type":"Feature","properties":{"Name":"NSP Pharmacy (Cost Involved) - National Pharmacies - Littlehampton","Type":"Drug and Alcohol Services South Australia","Address":"187 Main Street LITTLEHAMPTON SA 5250","Suburb":null,"Postcode":null,"State":"SA","LHN":null,"Geographical LHN":null,"Governing Body":"DASSA - NSP Pharmacy (Cost Involved)"},"geometry":{"type":"Point","coordinates":[138.864473,-35.0489]}},{"type":"Feature","properties":{"Name":"NSP Pharmacy (Cost Involved) - Terry White Chemmart Aldinga Medical Centre Pharmacy","Type":"Drug and Alcohol Services South Australia","Address":"189 Rowley Road ALDINGA SA 5173","Suburb":null,"Postcode":null,"State":"SA","LHN":null,"Geographical LHN":null,"Governing Body":"DASSA - NSP Pharmacy (Cost Involved)"},"geometry":{"type":"Point","coordinates":[138.458098,-35.284247]}},{"type":"Feature","properties":{"Name":"NSP Pharmacy (Cost Involved) - Wizard Pharmacy Strathalbyn","Type":"Drug and Alcohol Services South Australia","Address":"10 Dawson Street STRATHALBYN SA 5255","Suburb":null,"Postcode":null,"State":"SA","LHN":null,"Geographical LHN":null,"Governing Body":"DASSA - NSP Pharmacy (Cost Involved)"},"geometry":{"type":"Point","coordinates":[138.890642,-35.259993]}},{"type":"Feature","properties":{"Name":"NSP Pharmacy (Cost Involved) - Morgan Centre Pharmacy","Type":"Drug and Alcohol Services South Australia","Address":"10 Fourth Street MORGAN SA 5320","Suburb":null,"Postcode":null,"State":"SA","LHN":null,"Geographical LHN":null,"Governing Body":"DASSA - NSP Pharmacy (Cost Involved)"},"geometry":{"type":"Point","coordinates":[139.669322,-34.03218]}},{"type":"Feature","properties":{"Name":"NSP Site - Riverland General Hospital","Type":"Drug and Alcohol Services South Australia","Address":"10 Maddern Avenue BERRI SA 5343","Suburb":null,"Postcode":null,"State":"SA","LHN":null,"Geographical LHN":null,"Governing Body":"DASSA - NSP Site"},"geometry":{"type":"Point","coordinates":[140.601364,-34.27626]}},{"type":"Feature","properties":{"Name":"NSP Pharmacy (Cost Involved) - Priceline Pharmacy Renmark","Type":"Drug and Alcohol Services South Australia","Address":"10 Renmark Avenue RENMARK SA 5341","Suburb":null,"Postcode":null,"State":"SA","LHN":null,"Geographical LHN":null,"Governing Body":"DASSA - NSP Pharmacy (Cost Involved)"},"geometry":{"type":"Point","coordinates":[140.739189,-34.179928]}},{"type":"Feature","properties":{"Name":"NSP Pharmacy (Cost Involved) - Terry White Chemmart Brighton South","Type":"Drug and Alcohol Services South Australia","Address":"10525 Brighton Road SOUTH BRIGHTON SA 5048","Suburb":null,"Postcode":null,"State":"SA","LHN":null,"Geographical LHN":null,"Governing Body":"DASSA - NSP Pharmacy (Cost Involved)"},"geometry":{"type":"Point","coordinates":[138.52369,-35.026112]}},{"type":"Feature","properties":{"Name":"NSP Pharmacy (Cost Involved) - Bordertown Pharmacy","Type":"Drug and Alcohol Services South Australia","Address":"100 De Courcey Street BORDERTOWN SA 5268","Suburb":null,"Postcode":null,"State":"SA","LHN":null,"Geographical LHN":null,"Governing Body":"DASSA - NSP Pharmacy (Cost Involved)"},"geometry":{"type":"Point","coordinates":[140.77301,-36.311699]}},{"type":"Feature","properties":{"Name":"NSP Pharmacy (Cost Involved) - Direct Chemist Outlet Naracoorte","Type":"Drug and Alcohol Services South Australia","Address":"100 Smith Street NARACOORTE SA 5271","Suburb":null,"Postcode":null,"State":"SA","LHN":null,"Geographical LHN":null,"Governing Body":"DASSA - NSP Pharmacy (Cost Involved)"},"geometry":{"type":"Point","coordinates":[140.742342,-36.956178]}},{"type":"Feature","properties":{"Name":"NSP Pharmacy (Cost Involved) - Star Discount Chemist - Glenelg","Type":"Drug and Alcohol Services South Australia","Address":"101-103 Partridge Street GLENELG SOUTH SA 5045","Suburb":null,"Postcode":null,"State":"SA","LHN":null,"Geographical LHN":null,"Governing Body":"DASSA - NSP Pharmacy (Cost Involved)"},"geometry":{"type":"Point","coordinates":[138.517964,-34.990045]}},{"type":"Feature","properties":{"Name":"NSP Pharmacy (Cost Involved) - National Pharmacies - Craigmore","Type":"Drug and Alcohol Services South Australia","Address":"10-12 Craigmore Shopping Centre, Yorktown Road CRAIGMORE SA 5114","Suburb":null,"Postcode":null,"State":"SA","LHN":null,"Geographical LHN":null,"Governing Body":"DASSA - NSP Pharmacy (Cost Involved)"},"geometry":{"type":"Point","coordinates":[138.708365,-34.708638]}},{"type":"Feature","properties":{"Name":"NSP Pharmacy (Cost Involved) - National Pharmacies - Port Pirie","Type":"Drug and Alcohol Services South Australia","Address":"103 Florence Street PORT PIRIE SA 5540","Suburb":null,"Postcode":null,"State":"SA","LHN":null,"Geographical LHN":null,"Governing Body":"DASSA - NSP Pharmacy (Cost Involved)"},"geometry":{"type":"Point","coordinates":[138.009382,-33.17814]}},{"type":"Feature","properties":{"Name":"NSP Pharmacy (Cost Involved) - Mount Pleasant Pharmacy","Type":"Drug and Alcohol Services South Australia","Address":"108 Melrose Street MOUNT PLEASANT SA 5235","Suburb":null,"Postcode":null,"State":"SA","LHN":null,"Geographical LHN":null,"Governing Body":"DASSA - NSP Pharmacy (Cost Involved)"},"geometry":{"type":"Point","coordinates":[139.049141,-34.774954]}},{"type":"Feature","properties":{"Name":"NSP Pharmacy (Cost Involved) - National Pharmacies - Mitcham","Type":"Drug and Alcohol Services South Australia","Address":"109 Belair Road TORRENS PARK SA 5062","Suburb":null,"Postcode":null,"State":"SA","LHN":null,"Geographical LHN":null,"Governing Body":"DASSA - NSP Pharmacy (Cost Involved)"},"geometry":{"type":"Point","coordinates":[138.610544,-34.975528]}},{"type":"Feature","properties":{"Name":"NSP Pharmacy (Cost Involved) - Advantage Pharmacy Warradale","Type":"Drug and Alcohol Services South Australia","Address":"109-111A Diagonal Road WARRADALE SA 5046","Suburb":null,"Postcode":null,"State":"SA","LHN":null,"Geographical LHN":null,"Governing Body":"DASSA - NSP Pharmacy (Cost Involved)"},"geometry":{"type":"Point","coordinates":[138.530459,-34.99737]}},{"type":"Feature","properties":{"Name":"Extended Product Range NSP Site - Wonggangga Turtpandi Aboriginal Primary Health Care Services (Extended Product Range)","Type":"Drug and Alcohol Services South Australia","Address":"11 Church Street PORT ADELAIDE SA 5015","Suburb":null,"Postcode":null,"State":"SA","LHN":null,"Geographical LHN":null,"Governing Body":"DASSA - Extended Product Range NSP Site"},"geometry":{"type":"Point","coordinates":[138.502738,-34.846823]}},{"type":"Feature","properties":{"Name":"NSP Site - Wonggangga Turtpandi Aboriginal Primary Health Care Services (Extended Product Range)","Type":"Drug and Alcohol Services South Australia","Address":"11 Church Street PORT ADELAIDE SA 5015","Suburb":null,"Postcode":null,"State":"SA","LHN":null,"Geographical LHN":null,"Governing Body":"DASSA - NSP Site"},"geometry":{"type":"Point","coordinates":[138.502738,-34.846823]}},{"type":"Feature","properties":{"Name":"NSP Pharmacy (Cost Involved) - Terry White Chemmart Naracoorte","Type":"Drug and Alcohol Services South Australia","Address":"110 Smith Street NARACOORTE SA 5271","Suburb":null,"Postcode":null,"State":"SA","LHN":null,"Geographical LHN":null,"Governing Body":"DASSA - NSP Pharmacy (Cost Involved)"},"geometry":{"type":"Point","coordinates":[140.742584,-36.956148]}},{"type":"Feature","properties":{"Name":"NSP Pharmacy (Cost Involved) - Terry White Chemmart Elizabeth Park","Type":"Drug and Alcohol Services South Australia","Address":"110 Yorktown Road ELIZABETH PARK SA 5113","Suburb":null,"Postcode":null,"State":"SA","LHN":null,"Geographical LHN":null,"Governing Body":"DASSA - NSP Pharmacy (Cost Involved)"},"geometry":{"type":"Point","coordinates":[138.684693,-34.709414]}},{"type":"Feature","properties":{"Name":"NSP Pharmacy (Cost Involved) - Star Discount Chemist Prospect","Type":"Drug and Alcohol Services South Australia","Address":"113 Prospect Road PROSPECT SA 5082","Suburb":null,"Postcode":null,"State":"SA","LHN":null,"Geographical LHN":null,"Governing Body":"DASSA - NSP Pharmacy (Cost Involved)"},"geometry":{"type":"Point","coordinates":[138.594376,-34.885376]}},{"type":"Feature","properties":{"Name":"NSP Pharmacy (Cost Involved) - National Pharmacies - Gawler","Type":"Drug and Alcohol Services South Australia","Address":"114 Murray Street GAWLER SA 5118","Suburb":null,"Postcode":null,"State":"SA","LHN":null,"Geographical LHN":null,"Governing Body":"DASSA - NSP Pharmacy (Cost Involved)"},"geometry":{"type":"Point","coordinates":[138.748828,-34.597834]}},{"type":"Feature","properties":{"Name":"NSP Pharmacy (Cost Involved) - Chemist Warehouse Clovelly Park","Type":"Drug and Alcohol Services South Australia","Address":"1152 South Road CLOVELLY PARK SA 5042","Suburb":null,"Postcode":null,"State":"SA","LHN":null,"Geographical LHN":null,"Governing Body":"DASSA - NSP Pharmacy (Cost Involved)"},"geometry":{"type":"Point","coordinates":[138.574631,-34.995008]}},{"type":"Feature","properties":{"Name":"NSP Pharmacy (Cost Involved) - Terry White Chemmart Norwood","Type":"Drug and Alcohol Services South Australia","Address":"116 The Parade NORWOOD SA 5067","Suburb":null,"Postcode":null,"State":"SA","LHN":null,"Geographical LHN":null,"Governing Body":"DASSA - NSP Pharmacy (Cost Involved)"},"geometry":{"type":"Point","coordinates":[138.632376,-34.921545]}},{"type":"Feature","properties":{"Name":"NSP Pharmacy (Cost Involved) - Tanunda Pharmacy","Type":"Drug and Alcohol Services South Australia","Address":"117 Murray Street TANUNDA SA 5352","Suburb":null,"Postcode":null,"State":"SA","LHN":null,"Geographical LHN":null,"Governing Body":"DASSA - NSP Pharmacy (Cost Involved)"},"geometry":{"type":"Point","coordinates":[138.960952,-34.523737]}},{"type":"Feature","properties":{"Name":"NSP Pharmacy (Cost Involved) - Uraidla Cottage Pharmacy","Type":"Drug and Alcohol Services South Australia","Address":"1186 Greenhill Road URAIDLA SA 5142","Suburb":null,"Postcode":null,"State":"SA","LHN":null,"Geographical LHN":null,"Governing Body":"DASSA - NSP Pharmacy (Cost Involved)"},"geometry":{"type":"Point","coordinates":[138.743771,-34.956083]}},{"type":"Feature","properties":{"Name":"NSP Pharmacy (Cost Involved) - Hackham Pharmacy","Type":"Drug and Alcohol Services South Australia","Address":"12154 Main South Road HACKHAM SA 5163","Suburb":null,"Postcode":null,"State":"SA","LHN":null,"Geographical LHN":null,"Governing Body":"DASSA - NSP Pharmacy (Cost Involved)"},"geometry":{"type":"Point","coordinates":[138.524978,-35.144518]}},{"type":"Feature","properties":{"Name":"NSP Pharmacy (Cost Involved) - Findon Rightprice Guardian Pharmacy","Type":"Drug and Alcohol Services South Australia","Address":"125 Findon Road FINDON SA 5023","Suburb":null,"Postcode":null,"State":"SA","LHN":null,"Geographical LHN":null,"Governing Body":"DASSA - NSP Pharmacy (Cost Involved)"},"geometry":{"type":"Point","coordinates":[138.53199,-34.894306]}},{"type":"Feature","properties":{"Name":"NSP Pharmacy (Cost Involved) - Ridley Grove Pharmacy","Type":"Drug and Alcohol Services South Australia","Address":"125 Ridley Grove FERRYDEN PARK SA 5010","Suburb":null,"Postcode":null,"State":"SA","LHN":null,"Geographical LHN":null,"Governing Body":"DASSA - NSP Pharmacy (Cost Involved)"},"geometry":{"type":"Point","coordinates":[138.557514,-34.864055]}},{"type":"Feature","properties":{"Name":"NSP Pharmacy (Cost Involved) - Novar Gardens Pharmacy","Type":"Drug and Alcohol Services South Australia","Address":"126 Morphett Road NOVAR GARDENS SA 5040","Suburb":null,"Postcode":null,"State":"SA","LHN":null,"Geographical LHN":null,"Governing Body":"DASSA - NSP Pharmacy (Cost Involved)"},"geometry":{"type":"Point","coordinates":[138.536521,-34.966323]}},{"type":"Feature","properties":{"Name":"NSP Pharmacy (Cost Involved) - Craig Roberts Guardian Pharmacy","Type":"Drug and Alcohol Services South Australia","Address":"126 Semaphore Road SEMAPHORE SA 5019","Suburb":null,"Postcode":null,"State":"SA","LHN":null,"Geographical LHN":null,"Governing Body":"DASSA - NSP Pharmacy (Cost Involved)"},"geometry":{"type":"Point","coordinates":[138.488459,-34.840095]}},{"type":"Feature","properties":{"Name":"NSP Pharmacy (Cost Involved) - Loxton Pharmacies - Anzac Cres","Type":"Drug and Alcohol Services South Australia","Address":"13 Anzac Crescent LOXTON SA 5333","Suburb":null,"Postcode":null,"State":"SA","LHN":null,"Geographical LHN":null,"Governing Body":"DASSA - NSP Pharmacy (Cost Involved)"},"geometry":{"type":"Point","coordinates":[140.573686,-34.454023]}},{"type":"Feature","properties":{"Name":"NSP Site - Eastern Eyre Health &amp; Aged Care - Cleve Campus","Type":"Drug and Alcohol Services South Australia","Address":"13 Main Street CLEVE SA 5640","Suburb":null,"Postcode":null,"State":"SA","LHN":null,"Geographical LHN":null,"Governing Body":"DASSA - NSP Site"},"geometry":{"type":"Point","coordinates":[136.494976,-33.701977]}},{"type":"Feature","properties":{"Name":"NSP Site - Strathalbyn and District Health Service","Type":"Drug and Alcohol Services South Australia","Address":"14 Alfred Place STRATHALBYN SA 5255","Suburb":null,"Postcode":null,"State":"SA","LHN":null,"Geographical LHN":null,"Governing Body":"DASSA - NSP Site"},"geometry":{"type":"Point","coordinates":[138.89343,-35.257667]}},{"type":"Feature","properties":{"Name":"NSP Pharmacy (Cost Involved) - Terry White Chemmart Hamley Bridge","Type":"Drug and Alcohol Services South Australia","Address":"14 Light Street HAMLEY BRIDGE SA 5401","Suburb":null,"Postcode":null,"State":"SA","LHN":null,"Geographical LHN":null,"Governing Body":"DASSA - NSP Pharmacy (Cost Involved)"},"geometry":{"type":"Point","coordinates":[138.682626,-34.357339]}},{"type":"Feature","properties":{"Name":"NSP Pharmacy (Cost Involved) - Robe Pharmacy","Type":"Drug and Alcohol Services South Australia","Address":"14 Victoria Street ROBE SA 5276","Suburb":null,"Postcode":null,"State":"SA","LHN":null,"Geographical LHN":null,"Governing Body":"DASSA - NSP Pharmacy (Cost Involved)"},"geometry":{"type":"Point","coordinates":[139.759442,-37.164353]}},{"type":"Feature","properties":{"Name":"NSP Pharmacy (Cost Involved) - Salisbury North Pharmacist Advice","Type":"Drug and Alcohol Services South Australia","Address":"141 Whites Road SALISBURY NORTH SA 5108","Suburb":null,"Postcode":null,"State":"SA","LHN":null,"Geographical LHN":null,"Governing Body":"DASSA - NSP Pharmacy (Cost Involved)"},"geometry":{"type":"Point","coordinates":[138.621287,-34.748833]}},{"type":"Feature","properties":{"Name":"NSP Pharmacy (Cost Involved) - Goodwood Day &amp; Night Chemmart","Type":"Drug and Alcohol Services South Australia","Address":"148 Goodwood Road GOODWOOD SA 5034","Suburb":null,"Postcode":null,"State":"SA","LHN":null,"Geographical LHN":null,"Governing Body":"DASSA - NSP Pharmacy (Cost Involved)"},"geometry":{"type":"Point","coordinates":[138.589453,-34.952003]}},{"type":"Feature","properties":{"Name":"NSP Pharmacy (Cost Involved) - National Pharmacies - West Lakes","Type":"Drug and Alcohol Services South Australia","Address":"149 Brebner Drive WEST LAKES SA 5021","Suburb":null,"Postcode":null,"State":"SA","LHN":null,"Geographical LHN":null,"Governing Body":"DASSA - NSP Pharmacy (Cost Involved)"},"geometry":{"type":"Point","coordinates":[138.489038,-34.878223]}},{"type":"Feature","properties":{"Name":"NSP Site - Kimba District Hospital","Type":"Drug and Alcohol Services South Australia","Address":"15 Martin Terrace KIMBA SA 5641","Suburb":null,"Postcode":null,"State":"SA","LHN":null,"Geographical LHN":null,"Governing Body":"DASSA - NSP Site"},"geometry":{"type":"Point","coordinates":[136.416182,-33.143405]}},{"type":"Feature","properties":{"Name":"NSP Site - Tanunda War Memorial Hospital","Type":"Drug and Alcohol Services South Australia","Address":"15 Mill Street TANUNDA SA 5352","Suburb":null,"Postcode":null,"State":"SA","LHN":null,"Geographical LHN":null,"Governing Body":"DASSA - NSP Site"},"geometry":{"type":"Point","coordinates":[138.960794,-34.527999]}},{"type":"Feature","properties":{"Name":"NSP Pharmacy (Cost Involved) - Terry White Chemmart Kangaroo Island","Type":"Drug and Alcohol Services South Australia","Address":"15 Murray Street KINGSCOTE SA 5223","Suburb":null,"Postcode":null,"State":"SA","LHN":null,"Geographical LHN":null,"Governing Body":"DASSA - NSP Pharmacy (Cost Involved)"},"geometry":{"type":"Point","coordinates":[137.637168,-35.654925]}},{"type":"Feature","properties":{"Name":"NSP Site - Aboriginal Drug &amp; Alcohol Council","Type":"Drug and Alcohol Services South Australia","Address":"155 Holbrooks Road UNDERDALE SA 5032","Suburb":null,"Postcode":null,"State":"SA","LHN":null,"Geographical LHN":null,"Governing Body":"DASSA - NSP Site"},"geometry":{"type":"Point","coordinates":[138.549249,-34.918196]}},{"type":"Feature","properties":{"Name":"NSP Pharmacy (Cost Involved) - Discount Drug Store Rosewater","Type":"Drug and Alcohol Services South Australia","Address":"156 Grand Junction Road ROSEWATER SA 5013","Suburb":null,"Postcode":null,"State":"SA","LHN":null,"Geographical LHN":null,"Governing Body":"DASSA - NSP Pharmacy (Cost Involved)"},"geometry":{"type":"Point","coordinates":[138.528277,-34.851696]}},{"type":"Feature","properties":{"Name":"NSP Pharmacy (Cost Involved) - National Pharmacies - Norwood","Type":"Drug and Alcohol Services South Australia","Address":"156 The Parade NORWOOD SA 5067","Suburb":null,"Postcode":null,"State":"SA","LHN":null,"Geographical LHN":null,"Governing Body":"DASSA - NSP Pharmacy (Cost Involved)"},"geometry":{"type":"Point","coordinates":[138.634921,-34.921398]}},{"type":"Feature","properties":{"Name":"NSP Pharmacy (Cost Involved) - Pharmworld Compounding Pharmacy","Type":"Drug and Alcohol Services South Australia","Address":"158C King William Road HYDE PARK SA 5061","Suburb":null,"Postcode":null,"State":"SA","LHN":null,"Geographical LHN":null,"Governing Body":"DASSA - NSP Pharmacy (Cost Involved)"},"geometry":{"type":"Point","coordinates":[138.599763,-34.954662]}},{"type":"Feature","properties":{"Name":"NSP Pharmacy (Cost Involved) - Terry White Chemmart Southside Village","Type":"Drug and Alcohol Services South Australia","Address":"159 Swanport Road MURRAY BRIDGE SA 5253","Suburb":null,"Postcode":null,"State":"SA","LHN":null,"Geographical LHN":null,"Governing Body":"DASSA - NSP Pharmacy (Cost Involved)"},"geometry":{"type":"Point","coordinates":[139.281976,-35.134872]}},{"type":"Feature","properties":{"Name":"NSP Site - GP Plus Health Care Centre -  Elizabeth","Type":"Drug and Alcohol Services South Australia","Address":"16 Playford Boulevard ELIZABETH SA 5112","Suburb":null,"Postcode":null,"State":"SA","LHN":null,"Geographical LHN":null,"Governing Body":"DASSA - NSP Site"},"geometry":{"type":"Point","coordinates":[138.671357,-34.717015]}},{"type":"Feature","properties":{"Name":"NSP Pharmacy (Cost Involved) - Priceline Pharmacy Port Lincoln","Type":"Drug and Alcohol Services South Australia","Address":"16 Porter Street PORT LINCOLN SA 5606","Suburb":null,"Postcode":null,"State":"SA","LHN":null,"Geographical LHN":null,"Governing Body":"DASSA - NSP Pharmacy (Cost Involved)"},"geometry":{"type":"Point","coordinates":[135.863992,-34.72518]}},{"type":"Feature","properties":{"Name":"NSP Site - Balaklava Soldiers' Memorial Hospital","Type":"Drug and Alcohol Services South Australia","Address":"16 War Memorial Drive BALAKLAVA SA 5461","Suburb":null,"Postcode":null,"State":"SA","LHN":null,"Geographical LHN":null,"Governing Body":"DASSA - NSP Site"},"geometry":{"type":"Point","coordinates":[138.419988,-34.1395]}},{"type":"Feature","properties":{"Name":"NSP Pharmacy (Cost Involved) - Melbourne Street Pharmacy","Type":"Drug and Alcohol Services South Australia","Address":"160 Melbourne Street NORTH ADELAIDE SA 5006","Suburb":null,"Postcode":null,"State":"SA","LHN":null,"Geographical LHN":null,"Governing Body":"DASSA - NSP Pharmacy (Cost Involved)"},"geometry":{"type":"Point","coordinates":[138.606026,-34.907642]}},{"type":"Feature","properties":{"Name":"NSP Pharmacy (Cost Involved) - Star Discount Chemist Rostrevor","Type":"Drug and Alcohol Services South Australia","Address":"161 St Bernards Road ROSTREVOR SA 5073","Suburb":null,"Postcode":null,"State":"SA","LHN":null,"Geographical LHN":null,"Governing Body":"DASSA - NSP Pharmacy (Cost Involved)"},"geometry":{"type":"Point","coordinates":[138.675531,-34.896359]}},{"type":"Feature","properties":{"Name":"NSP Site - Roxby Downs Health Services","Type":"Drug and Alcohol Services South Australia","Address":"16–28 Burgoyne Street ROXBY DOWNS SA 5725","Suburb":null,"Postcode":null,"State":"SA","LHN":null,"Geographical LHN":null,"Governing Body":"DASSA - NSP Site"},"geometry":{"type":"Point","coordinates":[136.894501,-30.562582]}},{"type":"Feature","properties":{"Name":"NSP Pharmacy (Cost Involved) - Seaton Pharmacy","Type":"Drug and Alcohol Services South Australia","Address":"165B Trimmer Parade SEATON SA 5023","Suburb":null,"Postcode":null,"State":"SA","LHN":null,"Geographical LHN":null,"Governing Body":"DASSA - NSP Pharmacy (Cost Involved)"},"geometry":{"type":"Point","coordinates":[138.515469,-34.891922]}},{"type":"Feature","properties":{"Name":"NSP Pharmacy (Cost Involved) - Western Pharmacy","Type":"Drug and Alcohol Services South Australia","Address":"168 Cudmore Terrace HENLEY BEACH SA 5022","Suburb":null,"Postcode":null,"State":"SA","LHN":null,"Geographical LHN":null,"Governing Body":"DASSA - NSP Pharmacy (Cost Involved)"},"geometry":{"type":"Point","coordinates":[138.500228,-34.910041]}},{"type":"Feature","properties":{"Name":"NSP Site - Nunyara Aboriginal Health Service","Type":"Drug and Alcohol Services South Australia","Address":"76 Bastyan Crescent WHYALLA STUART SA 5608","Suburb":null,"Postcode":null,"State":"SA","LHN":null,"Geographical LHN":null,"Governing Body":"DASSA - NSP Site"},"geometry":{"type":"Point","coordinates":[137.517668,-33.016041]}},{"type":"Feature","properties":{"Name":"NSP Site - Penola War Memorial Hospital Inc.","Type":"Drug and Alcohol Services South Australia","Address":"18 Church Street PENOLA SA 5277","Suburb":null,"Postcode":null,"State":"SA","LHN":null,"Geographical LHN":null,"Governing Body":"DASSA - NSP Site"},"geometry":{"type":"Point","coordinates":[140.836513,-37.383309]}},{"type":"Feature","properties":{"Name":"24-Hour Syringe Vending Machine - 24-Hour Syringe Vending Machine: Renmark Paringa District Hospital","Type":"Drug and Alcohol Services South Australia","Address":"185 Ral Ral Avenue RENMARK SA 5341","Suburb":null,"Postcode":null,"State":"SA","LHN":null,"Geographical LHN":null,"Governing Body":"DASSA - 24-Hour Syringe Vending Machine"},"geometry":{"type":"Point","coordinates":[140.742901,-34.165157]}},{"type":"Feature","properties":{"Name":"NSP Site - Renmark Paringa District Hospital","Type":"Drug and Alcohol Services South Australia","Address":"185 Ral Ral Avenue RENMARK SA 5341","Suburb":null,"Postcode":null,"State":"SA","LHN":null,"Geographical LHN":null,"Governing Body":"DASSA - NSP Site"},"geometry":{"type":"Point","coordinates":[140.742901,-34.165157]}},{"type":"Feature","properties":{"Name":"NSP Pharmacy (Cost Involved) - Prospect Guardian Pharmacy","Type":"Drug and Alcohol Services South Australia","Address":"188 Main North Road PROSPECT SA 5082","Suburb":null,"Postcode":null,"State":"SA","LHN":null,"Geographical LHN":null,"Governing Body":"DASSA - NSP Pharmacy (Cost Involved)"},"geometry":{"type":"Point","coordinates":[138.602286,-34.882639]}},{"type":"Feature","properties":{"Name":"NSP Pharmacy (Cost Involved) - National Pharmacies - Morphett Vale","Type":"Drug and Alcohol Services South Australia","Address":"188A Main South Road MORPHETT VALE SA 5162","Suburb":null,"Postcode":null,"State":"SA","LHN":null,"Geographical LHN":null,"Governing Body":"DASSA - NSP Pharmacy (Cost Involved)"},"geometry":{"type":"Point","coordinates":[138.52358,-35.120908]}},{"type":"Feature","properties":{"Name":"NSP Pharmacy (Cost Involved) - National Pharmacies - Henley Beach","Type":"Drug and Alcohol Services South Australia","Address":"19 Henley Beach Road HENLEY BEACH SA 5022","Suburb":null,"Postcode":null,"State":"SA","LHN":null,"Geographical LHN":null,"Governing Body":"DASSA - NSP Pharmacy (Cost Involved)"},"geometry":{"type":"Point","coordinates":[138.498319,-34.925646]}},{"type":"Feature","properties":{"Name":"NSP Pharmacy (Cost Involved) - Riverland West Pharmacy","Type":"Drug and Alcohol Services South Australia","Address":"19 Mccoy Street WAIKERIE SA 5330","Suburb":null,"Postcode":null,"State":"SA","LHN":null,"Geographical LHN":null,"Governing Body":"DASSA - NSP Pharmacy (Cost Involved)"},"geometry":{"type":"Point","coordinates":[139.985586,-34.180362]}},{"type":"Feature","properties":{"Name":"NSP Site - Southern Yorke Peninsula Health Service, Yorketown","Type":"Drug and Alcohol Services South Australia","Address":"19 Waterloo Bay Road YORKETOWN SA 5576","Suburb":null,"Postcode":null,"State":"SA","LHN":null,"Geographical LHN":null,"Governing Body":"DASSA - NSP Site"},"geometry":{"type":"Point","coordinates":[137.604918,-35.021264]}},{"type":"Feature","properties":{"Name":"NSP Site - Pangula Mannamurna Aboriginal Corporation","Type":"Drug and Alcohol Services South Australia","Address":"191 Commercial Street West MOUNT GAMBIER SA 5290","Suburb":null,"Postcode":null,"State":"SA","LHN":null,"Geographical LHN":null,"Governing Body":"DASSA - NSP Site"},"geometry":{"type":"Point","coordinates":[140.767902,-37.824681]}},{"type":"Feature","properties":{"Name":"NSP Pharmacy (Cost Involved) - Star Discount Chemist Croydon","Type":"Drug and Alcohol Services South Australia","Address":"191 South Road RIDLEYTON SA 5008","Suburb":null,"Postcode":null,"State":"SA","LHN":null,"Geographical LHN":null,"Governing Body":"DASSA - NSP Pharmacy (Cost Involved)"},"geometry":{"type":"Point","coordinates":[138.568845,-34.894232]}},{"type":"Feature","properties":{"Name":"NSP Pharmacy (Cost Involved) - Star Discount Chemist Hutt Street","Type":"Drug and Alcohol Services South Australia","Address":"192 Hutt Street ADELAIDE SA 5000","Suburb":null,"Postcode":null,"State":"SA","LHN":null,"Geographical LHN":null,"Governing Body":"DASSA - NSP Pharmacy (Cost Involved)"},"geometry":{"type":"Point","coordinates":[138.612717,-34.931916]}},{"type":"Feature","properties":{"Name":"NSP Pharmacy (Cost Involved) - Dang Pharmacy - Athol Park","Type":"Drug and Alcohol Services South Australia","Address":"195 Hanson Road ATHOL PARK SA 5012","Suburb":null,"Postcode":null,"State":"SA","LHN":null,"Geographical LHN":null,"Governing Body":"DASSA - NSP Pharmacy (Cost Involved)"},"geometry":{"type":"Point","coordinates":[138.546791,-34.856141]}},{"type":"Feature","properties":{"Name":"Extended Product Range NSP Site - Uniting Communities - Aboriginal Community Connect (Extended Product Range)","Type":"Drug and Alcohol Services South Australia","Address":"196 Prospect Road PROSPECT SA 5082","Suburb":null,"Postcode":null,"State":"SA","LHN":null,"Geographical LHN":null,"Governing Body":"DASSA - Extended Product Range NSP Site"},"geometry":{"type":"Point","coordinates":[138.593276,-34.880075]}},{"type":"Feature","properties":{"Name":"NSP Site - Uniting Communities - Aboriginal Community Connect (Extended Product Range)","Type":"Drug and Alcohol Services South Australia","Address":"196 Prospect Road PROSPECT SA 5082","Suburb":null,"Postcode":null,"State":"SA","LHN":null,"Geographical LHN":null,"Governing Body":"DASSA - NSP Site"},"geometry":{"type":"Point","coordinates":[138.593276,-34.880075]}},{"type":"Feature","properties":{"Name":"NSP Pharmacy (Cost Involved) - Terry White Chemmart Mile End","Type":"Drug and Alcohol Services South Australia","Address":"199 Henley Beach Road MILE END SA 5031","Suburb":null,"Postcode":null,"State":"SA","LHN":null,"Geographical LHN":null,"Governing Body":"DASSA - NSP Pharmacy (Cost Involved)"},"geometry":{"type":"Point","coordinates":[138.558725,-34.924487]}},{"type":"Feature","properties":{"Name":"NSP Site - Port Lincoln Health and Hospital Service: Accident and Emergency","Type":"Drug and Alcohol Services South Australia","Address":"19A Oxford Terrace PORT LINCOLN SA 5606","Suburb":null,"Postcode":null,"State":"SA","LHN":null,"Geographical LHN":null,"Governing Body":"DASSA - NSP Site"},"geometry":{"type":"Point","coordinates":[135.852887,-34.726572]}},{"type":"Feature","properties":{"Name":"NSP Site - Meningie &amp; Districts Memorial Hospital &amp; Health Services","Type":"Drug and Alcohol Services South Australia","Address":"2 South Terrace MENINGIE SA 5264","Suburb":null,"Postcode":null,"State":"SA","LHN":null,"Geographical LHN":null,"Governing Body":"DASSA - NSP Site"},"geometry":{"type":"Point","coordinates":[139.335719,-35.693153]}},{"type":"Feature","properties":{"Name":"NSP Pharmacy (Cost Involved) - Ardrossan Pharmacy","Type":"Drug and Alcohol Services South Australia","Address":"225 First Street ARDROSSAN SA 5571","Suburb":null,"Postcode":null,"State":"SA","LHN":null,"Geographical LHN":null,"Governing Body":"DASSA - NSP Pharmacy (Cost Involved)"},"geometry":{"type":"Point","coordinates":[137.917016,-34.423094]}},{"type":"Feature","properties":{"Name":"NSP Pharmacy (Cost Involved) - Barmera Pharmacy","Type":"Drug and Alcohol Services South Australia","Address":"20 Barwell Avenue BARMERA SA 5345","Suburb":null,"Postcode":null,"State":"SA","LHN":null,"Geographical LHN":null,"Governing Body":"DASSA - NSP Pharmacy (Cost Involved)"},"geometry":{"type":"Point","coordinates":[140.463569,-34.251644]}},{"type":"Feature","properties":{"Name":"NSP Site - Whyalla Hospital and Health Service","Type":"Drug and Alcohol Services South Australia","Address":"20 Wood Terrace WHYALLA SA 5600","Suburb":null,"Postcode":null,"State":"SA","LHN":null,"Geographical LHN":null,"Governing Body":"DASSA - NSP Site"},"geometry":{"type":"Point","coordinates":[137.578186,-33.034053]}},{"type":"Feature","properties":{"Name":"NSP Pharmacy (Cost Involved) - The Green Dispensary Blackwood","Type":"Drug and Alcohol Services South Australia","Address":"202 Main Road BLACKWOOD SA 5051","Suburb":null,"Postcode":null,"State":"SA","LHN":null,"Geographical LHN":null,"Governing Body":"DASSA - NSP Pharmacy (Cost Involved)"},"geometry":{"type":"Point","coordinates":[138.616143,-35.017075]}},{"type":"Feature","properties":{"Name":"NSP Pharmacy (Cost Involved) - Star Discount Chemist - Marion","Type":"Drug and Alcohol Services South Australia","Address":"205B Sturt Road SEACOMBE GARDENS SA 5047","Suburb":null,"Postcode":null,"State":"SA","LHN":null,"Geographical LHN":null,"Governing Body":"DASSA - NSP Pharmacy (Cost Involved)"},"geometry":{"type":"Point","coordinates":[138.546279,-35.017994]}},{"type":"Feature","properties":{"Name":"NSP Pharmacy (Cost Involved) - Chemist Warehouse Norwood","Type":"Drug and Alcohol Services South Australia","Address":"206-208 The Parade NORWOOD SA 5067","Suburb":null,"Postcode":null,"State":"SA","LHN":null,"Geographical LHN":null,"Governing Body":"DASSA - NSP Pharmacy (Cost Involved)"},"geometry":{"type":"Point","coordinates":[138.637243,-34.921394]}},{"type":"Feature","properties":{"Name":"24-Hour Syringe Vending Machine - 24-Hour Syringe Vending Machine: Drug and Alcohol Services SA - Southern","Type":"Drug and Alcohol Services South Australia","Address":"209 Main South Road MORPHETT VALE SA 5162","Suburb":null,"Postcode":null,"State":"SA","LHN":null,"Geographical LHN":null,"Governing Body":"DASSA - 24-Hour Syringe Vending Machine"},"geometry":{"type":"Point","coordinates":[138.522159,-35.118472]}},{"type":"Feature","properties":{"Name":"Extended Product Range NSP Site - Drug and Alcohol Services SA - Southern (Extended Product Range)","Type":"Drug and Alcohol Services South Australia","Address":"209 Main South Road MORPHETT VALE SA 5162","Suburb":null,"Postcode":null,"State":"SA","LHN":null,"Geographical LHN":null,"Governing Body":"DASSA - Extended Product Range NSP Site"},"geometry":{"type":"Point","coordinates":[138.522159,-35.118472]}},{"type":"Feature","properties":{"Name":"NSP Site - Drug and Alcohol Services SA - Southern (Extended Product Range)","Type":"Drug and Alcohol Services South Australia","Address":"209 Main South Road MORPHETT VALE SA 5162","Suburb":null,"Postcode":null,"State":"SA","LHN":null,"Geographical LHN":null,"Governing Body":"DASSA - NSP Site"},"geometry":{"type":"Point","coordinates":[138.522159,-35.118472]}},{"type":"Feature","properties":{"Name":"NSP Pharmacy (Cost Involved) - Gawler Pharmacy","Type":"Drug and Alcohol Services South Australia","Address":"21 Adelaide Road GAWLER SOUTH SA 5118","Suburb":null,"Postcode":null,"State":"SA","LHN":null,"Geographical LHN":null,"Governing Body":"DASSA - NSP Pharmacy (Cost Involved)"},"geometry":{"type":"Point","coordinates":[138.745148,-34.605615]}},{"type":"Feature","properties":{"Name":"NSP Pharmacy (Cost Involved) - Strathalbyn Pharmacies - High St","Type":"Drug and Alcohol Services South Australia","Address":"21 High Street STRATHALBYN SA 5255","Suburb":null,"Postcode":null,"State":"SA","LHN":null,"Geographical LHN":null,"Governing Body":"DASSA - NSP Pharmacy (Cost Involved)"},"geometry":{"type":"Point","coordinates":[138.892741,-35.25541]}},{"type":"Feature","properties":{"Name":"24-Hour Syringe Vending Machine - 24-Hour Syringe Vending Machine: Gawler Health Service","Type":"Drug and Alcohol Services South Australia","Address":"21 Hutchinson Road GAWLER SA 5118","Suburb":null,"Postcode":null,"State":"SA","LHN":null,"Geographical LHN":null,"Governing Body":"DASSA - 24-Hour Syringe Vending Machine"},"geometry":{"type":"Point","coordinates":[138.75635,-34.594084]}},{"type":"Feature","properties":{"Name":"NSP Site - Gawler Health Service","Type":"Drug and Alcohol Services South Australia","Address":"21 Hutchinson Road GAWLER SA 5118","Suburb":null,"Postcode":null,"State":"SA","LHN":null,"Geographical LHN":null,"Governing Body":"DASSA - NSP Site"},"geometry":{"type":"Point","coordinates":[138.75635,-34.594084]}},{"type":"Feature","properties":{"Name":"NSP Pharmacy (Cost Involved) - Stirling Day &amp; Night Pharmacy","Type":"Drug and Alcohol Services South Australia","Address":"21 Mt Barker Road STIRLING SA 5152","Suburb":null,"Postcode":null,"State":"SA","LHN":null,"Geographical LHN":null,"Governing Body":"DASSA - NSP Pharmacy (Cost Involved)"},"geometry":{"type":"Point","coordinates":[138.716557,-35.003878]}},{"type":"Feature","properties":{"Name":"NSP Pharmacy (Cost Involved) - Prospect Pharmacy","Type":"Drug and Alcohol Services South Australia","Address":"211 Churchill Road PROSPECT SA 5082","Suburb":null,"Postcode":null,"State":"SA","LHN":null,"Geographical LHN":null,"Governing Body":"DASSA - NSP Pharmacy (Cost Involved)"},"geometry":{"type":"Point","coordinates":[138.584832,-34.879315]}},{"type":"Feature","properties":{"Name":"24-Hour Syringe Vending Machine - 24-Hour Syringe Vending Machine: Drug and Alcohol Services SA - Northern","Type":"Drug and Alcohol Services South Australia","Address":"22 Langford Drive ELIZABETH SA 5112","Suburb":null,"Postcode":null,"State":"SA","LHN":null,"Geographical LHN":null,"Governing Body":"DASSA - 24-Hour Syringe Vending Machine"},"geometry":{"type":"Point","coordinates":[138.664175,-34.719596]}},{"type":"Feature","properties":{"Name":"Extended Product Range NSP Site - Drug and Alcohol Services SA - Northern (Extended Product Range)","Type":"Drug and Alcohol Services South Australia","Address":"22 Langford Drive ELIZABETH SA 5112","Suburb":null,"Postcode":null,"State":"SA","LHN":null,"Geographical LHN":null,"Governing Body":"DASSA - Extended Product Range NSP Site"},"geometry":{"type":"Point","coordinates":[138.664175,-34.719596]}},{"type":"Feature","properties":{"Name":"NSP Site - Drug and Alcohol Services SA - Northern (Extended Product Range)","Type":"Drug and Alcohol Services South Australia","Address":"22 Langford Drive ELIZABETH SA 5112","Suburb":null,"Postcode":null,"State":"SA","LHN":null,"Geographical LHN":null,"Governing Body":"DASSA - NSP Site"},"geometry":{"type":"Point","coordinates":[138.664175,-34.719596]}},{"type":"Feature","properties":{"Name":"24-Hour Syringe Vending Machine - 24-Hour Syringe Vending Machine: SIN - Sex Industry Network","Type":"Drug and Alcohol Services South Australia","Address":"220 Main South Road MILE END SA 5031","Suburb":null,"Postcode":null,"State":"SA","LHN":null,"Geographical LHN":null,"Governing Body":"DASSA - 24-Hour Syringe Vending Machine"},"geometry":{"type":"Point","coordinates":[138.569773,-34.927896]}},{"type":"Feature","properties":{"Name":"Extended Product Range NSP Site - SIN - Sex Industry Network (Extended Product Range)","Type":"Drug and Alcohol Services South Australia","Address":"220 Main South Road MILE END SA 5031","Suburb":null,"Postcode":null,"State":"SA","LHN":null,"Geographical LHN":null,"Governing Body":"DASSA - Extended Product Range NSP Site"},"geometry":{"type":"Point","coordinates":[138.569773,-34.927896]}},{"type":"Feature","properties":{"Name":"NSP Site - SIN - Sex Industry Network (Extended Product Range)","Type":"Drug and Alcohol Services South Australia","Address":"220 Main South Road MILE END SA 5031","Suburb":null,"Postcode":null,"State":"SA","LHN":null,"Geographical LHN":null,"Governing Body":"DASSA - NSP Site"},"geometry":{"type":"Point","coordinates":[138.569773,-34.927896]}},{"type":"Feature","properties":{"Name":"NSP Pharmacy (Cost Involved) - Tim Siv's Terry White Chemmart Eudunda","Type":"Drug and Alcohol Services South Australia","Address":"23 Bruce Street EUDUNDA SA 5374","Suburb":null,"Postcode":null,"State":"SA","LHN":null,"Geographical LHN":null,"Governing Body":"DASSA - NSP Pharmacy (Cost Involved)"},"geometry":{"type":"Point","coordinates":[139.084298,-34.171364]}},{"type":"Feature","properties":{"Name":"NSP Site - Peterborough Soldiers' Memorial Hospital","Type":"Drug and Alcohol Services South Australia","Address":"23 Hurlstone Street PETERBOROUGH SA 5422","Suburb":null,"Postcode":null,"State":"SA","LHN":null,"Geographical LHN":null,"Governing Body":"DASSA - NSP Site"},"geometry":{"type":"Point","coordinates":[138.831341,-32.980959]}},{"type":"Feature","properties":{"Name":"NSP Site - Bordertown Memorial Hospital","Type":"Drug and Alcohol Services South Australia","Address":"23 South Terrace BORDERTOWN SA 5268","Suburb":null,"Postcode":null,"State":"SA","LHN":null,"Geographical LHN":null,"Governing Body":"DASSA - NSP Site"},"geometry":{"type":"Point","coordinates":[140.766671,-36.312112]}},{"type":"Feature","properties":{"Name":"NSP Pharmacy (Cost Involved) - Terry White Chemmart Seacliff","Type":"Drug and Alcohol Services South Australia","Address":"234 Seacombe Road SEACLIFF PARK SA 5049","Suburb":null,"Postcode":null,"State":"SA","LHN":null,"Geographical LHN":null,"Governing Body":"DASSA - NSP Pharmacy (Cost Involved)"},"geometry":{"type":"Point","coordinates":[138.532557,-35.030021]}},{"type":"Feature","properties":{"Name":"NSP Pharmacy (Cost Involved) - Priceline Pharmacy Murray Bridge","Type":"Drug and Alcohol Services South Australia","Address":"23-51 South Terrace MURRAY BRIDGE SA 5253","Suburb":null,"Postcode":null,"State":"SA","LHN":null,"Geographical LHN":null,"Governing Body":"DASSA - NSP Pharmacy (Cost Involved)"},"geometry":{"type":"Point","coordinates":[139.278462,-35.118656]}},{"type":"Feature","properties":{"Name":"NSP Pharmacy (Cost Involved) - Woodlakes Day &amp; Night Pharmacy","Type":"Drug and Alcohol Services South Australia","Address":"24 Frederick Road WEST LAKES SA 5021","Suburb":null,"Postcode":null,"State":"SA","LHN":null,"Geographical LHN":null,"Governing Body":"DASSA - NSP Pharmacy (Cost Involved)"},"geometry":{"type":"Point","coordinates":[138.503168,-34.877059]}},{"type":"Feature","properties":{"Name":"NSP Pharmacy (Cost Involved) - Newbery Chemists - Kadina","Type":"Drug and Alcohol Services South Australia","Address":"24 Graves Street KADINA SA 5554","Suburb":null,"Postcode":null,"State":"SA","LHN":null,"Geographical LHN":null,"Governing Body":"DASSA - NSP Pharmacy (Cost Involved)"},"geometry":{"type":"Point","coordinates":[137.713572,-33.964078]}},{"type":"Feature","properties":{"Name":"NSP Site - Riverland Regional Health Service Inc. - Barmera Campus","Type":"Drug and Alcohol Services South Australia","Address":"24 Hawdon Street BARMERA SA 5345","Suburb":null,"Postcode":null,"State":"SA","LHN":null,"Geographical LHN":null,"Governing Body":"DASSA - NSP Site"},"geometry":{"type":"Point","coordinates":[140.470789,-34.248178]}},{"type":"Feature","properties":{"Name":"NSP Pharmacy (Cost Involved) - Terry White Chemmart Largs Bay","Type":"Drug and Alcohol Services South Australia","Address":"240A Fletcher Road LARGS NORTH SA 5016","Suburb":null,"Postcode":null,"State":"SA","LHN":null,"Geographical LHN":null,"Governing Body":"DASSA - NSP Pharmacy (Cost Involved)"},"geometry":{"type":"Point","coordinates":[138.494756,-34.821233]}},{"type":"Feature","properties":{"Name":"NSP Pharmacy (Cost Involved) - National Pharmacies - Blackwood","Type":"Drug and Alcohol Services South Australia","Address":"241 Main Road BLACKWOOD SA 5051","Suburb":null,"Postcode":null,"State":"SA","LHN":null,"Geographical LHN":null,"Governing Body":"DASSA - NSP Pharmacy (Cost Involved)"},"geometry":{"type":"Point","coordinates":[138.616694,-35.020568]}},{"type":"Feature","properties":{"Name":"NSP Pharmacy (Cost Involved) - United Chemists Westside (Crossroads Pharmacy Westside)","Type":"Drug and Alcohol Services South Australia","Address":"25 Loudon Road PORT AUGUSTA WEST SA 5700","Suburb":null,"Postcode":null,"State":"SA","LHN":null,"Geographical LHN":null,"Governing Body":"DASSA - NSP Pharmacy (Cost Involved)"},"geometry":{"type":"Point","coordinates":[137.75763,-32.483468]}},{"type":"Feature","properties":{"Name":"NSP Site - Uniting Communities - Smithfield","Type":"Drug and Alcohol Services South Australia","Address":"26 Anderson Walk SMITHFIELD SA 5114","Suburb":null,"Postcode":null,"State":"SA","LHN":null,"Geographical LHN":null,"Governing Body":"DASSA - NSP Site"},"geometry":{"type":"Point","coordinates":[138.688132,-34.681484]}},{"type":"Feature","properties":{"Name":"NSP Pharmacy (Cost Involved) - Keith Pharmacy","Type":"Drug and Alcohol Services South Australia","Address":"26 Hender Street KEITH SA 5267","Suburb":null,"Postcode":null,"State":"SA","LHN":null,"Geographical LHN":null,"Governing Body":"DASSA - NSP Pharmacy (Cost Involved)"},"geometry":{"type":"Point","coordinates":[140.353446,-36.098337]}},{"type":"Feature","properties":{"Name":"NSP Site - Adelaide Sexual Health Centre","Type":"Drug and Alcohol Services South Australia","Address":"260 Currie Street ADELAIDE SA 5000","Suburb":null,"Postcode":null,"State":"SA","LHN":null,"Geographical LHN":null,"Governing Body":"DASSA - NSP Site"},"geometry":{"type":"Point","coordinates":[138.588574,-34.924586]}},{"type":"Feature","properties":{"Name":"NSP Pharmacy (Cost Involved) - Richard Elkhoury Terry White Chemmart Clare Valley","Type":"Drug and Alcohol Services South Australia","Address":"260 Main North Road CLARE SA 5453","Suburb":null,"Postcode":null,"State":"SA","LHN":null,"Geographical LHN":null,"Governing Body":"DASSA - NSP Pharmacy (Cost Involved)"},"geometry":{"type":"Point","coordinates":[138.611571,-33.833501]}},{"type":"Feature","properties":{"Name":"NSP Pharmacy (Cost Involved) - Tim Siv's Terry White Chemmart Clare","Type":"Drug and Alcohol Services South Australia","Address":"261 Main North Road CLARE SA 5453","Suburb":null,"Postcode":null,"State":"SA","LHN":null,"Geographical LHN":null,"Governing Body":"DASSA - NSP Pharmacy (Cost Involved)"},"geometry":{"type":"Point","coordinates":[138.611669,-33.83314]}},{"type":"Feature","properties":{"Name":"24-Hour Syringe Vending Machine - 24-Hour Syringe Vending Machine: Mount Gambier and Districts Health Service","Type":"Drug and Alcohol Services South Australia","Address":"276300 Wehl Street North MOUNT GAMBIER SA 5290","Suburb":null,"Postcode":null,"State":"SA","LHN":null,"Geographical LHN":null,"Governing Body":"DASSA - 24-Hour Syringe Vending Machine"},"geometry":{"type":"Point","coordinates":[140.780516,-37.814322]}},{"type":"Feature","properties":{"Name":"NSP Site - Mount Gambier and Districts Health Service","Type":"Drug and Alcohol Services South Australia","Address":"276300 Wehl Street North MOUNT GAMBIER SA 5290","Suburb":null,"Postcode":null,"State":"SA","LHN":null,"Geographical LHN":null,"Governing Body":"DASSA - NSP Site"},"geometry":{"type":"Point","coordinates":[140.780516,-37.814322]}},{"type":"Feature","properties":{"Name":"NSP Pharmacy (Cost Involved) - Terry White Chemmart Port Adelaide Plaza","Type":"Drug and Alcohol Services South Australia","Address":"28 College Street PORT ADELAIDE SA 5015","Suburb":null,"Postcode":null,"State":"SA","LHN":null,"Geographical LHN":null,"Governing Body":"DASSA - NSP Pharmacy (Cost Involved)"},"geometry":{"type":"Point","coordinates":[138.508111,-34.851874]}},{"type":"Feature","properties":{"Name":"NSP Site - Angaston and District Hospital","Type":"Drug and Alcohol Services South Australia","Address":"29 North Street ANGASTON SA 5353","Suburb":null,"Postcode":null,"State":"SA","LHN":null,"Geographical LHN":null,"Governing Body":"DASSA - NSP Site"},"geometry":{"type":"Point","coordinates":[139.055423,-34.503215]}},{"type":"Feature","properties":{"Name":"NSP Pharmacy (Cost Involved) - National Pharmacies - Glenunga","Type":"Drug and Alcohol Services South Australia","Address":"297 Glen Osmond Road GLENUNGA SA 5064","Suburb":null,"Postcode":null,"State":"SA","LHN":null,"Geographical LHN":null,"Governing Body":"DASSA - NSP Pharmacy (Cost Involved)"},"geometry":{"type":"Point","coordinates":[138.635394,-34.952253]}},{"type":"Feature","properties":{"Name":"NSP Pharmacy (Cost Involved) - Newton Pharmacy","Type":"Drug and Alcohol Services South Australia","Address":"299 Montacute Road NEWTON SA 5074","Suburb":null,"Postcode":null,"State":"SA","LHN":null,"Geographical LHN":null,"Governing Body":"DASSA - NSP Pharmacy (Cost Involved)"},"geometry":{"type":"Point","coordinates":[138.690512,-34.886014]}},{"type":"Feature","properties":{"Name":"NSP Pharmacy (Cost Involved) - Blakeview Pharmacy","Type":"Drug and Alcohol Services South Australia","Address":"2A Mansfield Parade BLAKEVIEW SA 5114","Suburb":null,"Postcode":null,"State":"SA","LHN":null,"Geographical LHN":null,"Governing Body":"DASSA - NSP Pharmacy (Cost Involved)"},"geometry":{"type":"Point","coordinates":[138.703706,-34.679948]}},{"type":"Feature","properties":{"Name":"NSP Site - Uniting Communities - Mount Gambier","Type":"Drug and Alcohol Services South Australia","Address":"2A-2B Helen Street MOUNT GAMBIER SA 5290","Suburb":null,"Postcode":null,"State":"SA","LHN":null,"Geographical LHN":null,"Governing Body":"DASSA - NSP Site"},"geometry":{"type":"Point","coordinates":[140.779253,-37.830139]}},{"type":"Feature","properties":{"Name":"NSP Pharmacy (Cost Involved) - Gambier Village Pharmacy","Type":"Drug and Alcohol Services South Australia","Address":"3 Buronga Avenue MOUNT GAMBIER SA 5290","Suburb":null,"Postcode":null,"State":"SA","LHN":null,"Geographical LHN":null,"Governing Body":"DASSA - NSP Pharmacy (Cost Involved)"},"geometry":{"type":"Point","coordinates":[140.789564,-37.811453]}},{"type":"Feature","properties":{"Name":"NSP Site - Ceduna District Health Services Inc.","Type":"Drug and Alcohol Services South Australia","Address":"3 Eyre Highway CEDUNA SA 5690","Suburb":null,"Postcode":null,"State":"SA","LHN":null,"Geographical LHN":null,"Governing Body":"DASSA - NSP Site"},"geometry":{"type":"Point","coordinates":[133.672234,-32.119086]}},{"type":"Feature","properties":{"Name":"24-Hour Syringe Vending Machine - 24-Hour Syringe Vending Machine: Hepatitis SA","Type":"Drug and Alcohol Services South Australia","Address":"3 Hackney Road HACKNEY SA 5069","Suburb":null,"Postcode":null,"State":"SA","LHN":null,"Geographical LHN":null,"Governing Body":"DASSA - 24-Hour Syringe Vending Machine"},"geometry":{"type":"Point","coordinates":[138.615342,-34.918694]}},{"type":"Feature","properties":{"Name":"Extended Product Range NSP Site - Hepatitis SA (Extended Product Range)","Type":"Drug and Alcohol Services South Australia","Address":"3 Hackney Road HACKNEY SA 5069","Suburb":null,"Postcode":null,"State":"SA","LHN":null,"Geographical LHN":null,"Governing Body":"DASSA - Extended Product Range NSP Site"},"geometry":{"type":"Point","coordinates":[138.615342,-34.918694]}},{"type":"Feature","properties":{"Name":"NSP Site - Hepatitis SA (Extended Product Range)","Type":"Drug and Alcohol Services South Australia","Address":"3 Hackney Road HACKNEY SA 5069","Suburb":null,"Postcode":null,"State":"SA","LHN":null,"Geographical LHN":null,"Governing Body":"DASSA - NSP Site"},"geometry":{"type":"Point","coordinates":[138.615342,-34.918694]}},{"type":"Feature","properties":{"Name":"NSP Pharmacy (Cost Involved) - Quorn Pharmacy","Type":"Drug and Alcohol Services South Australia","Address":"3 Sixth Street QUORN SA 5433","Suburb":null,"Postcode":null,"State":"SA","LHN":null,"Geographical LHN":null,"Governing Body":"DASSA - NSP Pharmacy (Cost Involved)"},"geometry":{"type":"Point","coordinates":[138.042866,-32.349077]}},{"type":"Feature","properties":{"Name":"NSP Site - Uniting Communities - Christies Beach","Type":"Drug and Alcohol Services South Australia","Address":"3107 Dyson Road CHRISTIES BEACH SA 5165","Suburb":null,"Postcode":null,"State":"SA","LHN":null,"Geographical LHN":null,"Governing Body":"DASSA - NSP Site"},"geometry":{"type":"Point","coordinates":[138.485852,-35.134155]}},{"type":"Feature","properties":{"Name":"NSP Pharmacy (Cost Involved) - National Pharmacies - Findon","Type":"Drug and Alcohol Services South Australia","Address":"303 Grange Road, Findon Shopping Centre FINDON SA 5023","Suburb":null,"Postcode":null,"State":"SA","LHN":null,"Geographical LHN":null,"Governing Body":"DASSA - NSP Pharmacy (Cost Involved)"},"geometry":{"type":"Point","coordinates":[138.531012,-34.904843]}},{"type":"Feature","properties":{"Name":"NSP Pharmacy (Cost Involved) - Cleve Pharmacy","Type":"Drug and Alcohol Services South Australia","Address":"31 Main Street CLEVE SA 5640","Suburb":null,"Postcode":null,"State":"SA","LHN":null,"Geographical LHN":null,"Governing Body":"DASSA - NSP Pharmacy (Cost Involved)"},"geometry":{"type":"Point","coordinates":[136.492529,-33.70204]}},{"type":"Feature","properties":{"Name":"NSP Pharmacy (Cost Involved) - Terry White Chemmart Grange","Type":"Drug and Alcohol Services South Australia","Address":"312 Military Road GRANGE SA 5022","Suburb":null,"Postcode":null,"State":"SA","LHN":null,"Geographical LHN":null,"Governing Body":"DASSA - NSP Pharmacy (Cost Involved)"},"geometry":{"type":"Point","coordinates":[138.490949,-34.901994]}},{"type":"Feature","properties":{"Name":"NSP Pharmacy (Cost Involved) - Ramsey Pharmacy Crystal Brook","Type":"Drug and Alcohol Services South Australia","Address":"32 Bowman Street CRYSTAL BROOK SA 5523","Suburb":null,"Postcode":null,"State":"SA","LHN":null,"Geographical LHN":null,"Governing Body":"DASSA - NSP Pharmacy (Cost Involved)"},"geometry":{"type":"Point","coordinates":[138.207295,-33.352636]}},{"type":"Feature","properties":{"Name":"NSP Pharmacy (Cost Involved) - United Chemists Pt Broughton","Type":"Drug and Alcohol Services South Australia","Address":"32 Mackay Street PORT BROUGHTON SA 5522","Suburb":null,"Postcode":null,"State":"SA","LHN":null,"Geographical LHN":null,"Governing Body":"DASSA - NSP Pharmacy (Cost Involved)"},"geometry":{"type":"Point","coordinates":[137.931073,-33.59957]}},{"type":"Feature","properties":{"Name":"NSP Pharmacy (Cost Involved) - Glenside Pharmacy","Type":"Drug and Alcohol Services South Australia","Address":"322 Greenhill Road GLENSIDE SA 5065","Suburb":null,"Postcode":null,"State":"SA","LHN":null,"Geographical LHN":null,"Governing Body":"DASSA - NSP Pharmacy (Cost Involved)"},"geometry":{"type":"Point","coordinates":[138.636533,-34.93975]}},{"type":"Feature","properties":{"Name":"NSP Pharmacy (Cost Involved) - Edgecombe Chemist","Type":"Drug and Alcohol Services South Australia","Address":"325 Hancock Road FARIVIEW PARK SA 5126","Suburb":null,"Postcode":null,"State":"SA","LHN":null,"Geographical LHN":null,"Governing Body":"DASSA - NSP Pharmacy (Cost Involved)"},"geometry":{"type":"Point","coordinates":[138.717731,-34.802047]}},{"type":"Feature","properties":{"Name":"NSP Pharmacy (Cost Involved) - Tim Siv's Terry White Chemmart Kapunda","Type":"Drug and Alcohol Services South Australia","Address":"33-35 Main Street KAPUNDA SA 5373","Suburb":null,"Postcode":null,"State":"SA","LHN":null,"Geographical LHN":null,"Governing Body":"DASSA - NSP Pharmacy (Cost Involved)"},"geometry":{"type":"Point","coordinates":[138.9156,-34.340086]}},{"type":"Feature","properties":{"Name":"NSP Pharmacy (Cost Involved) - Peter Cronin Hove Pharmacy","Type":"Drug and Alcohol Services South Australia","Address":"347 Brighton Road HOVE SA 5048","Suburb":null,"Postcode":null,"State":"SA","LHN":null,"Geographical LHN":null,"Governing Body":"DASSA - NSP Pharmacy (Cost Involved)"},"geometry":{"type":"Point","coordinates":[138.521817,-35.008301]}},{"type":"Feature","properties":{"Name":"NSP Pharmacy (Cost Involved) - The Green Dispensary Erindale","Type":"Drug and Alcohol Services South Australia","Address":"361A Kensington Road KENSINGTON GARDENS SA 5068","Suburb":null,"Postcode":null,"State":"SA","LHN":null,"Geographical LHN":null,"Governing Body":"DASSA - NSP Pharmacy (Cost Involved)"},"geometry":{"type":"Point","coordinates":[138.662348,-34.925522]}},{"type":"Feature","properties":{"Name":"24-Hour Syringe Vending Machine - 24-Hour Syringe Vending Machine: Kangaroo Island Health Service","Type":"Drug and Alcohol Services South Australia","Address":"3-7 Esplanade KINGSCOTE SA 5223","Suburb":null,"Postcode":null,"State":"SA","LHN":null,"Geographical LHN":null,"Governing Body":"DASSA - 24-Hour Syringe Vending Machine"},"geometry":{"type":"Point","coordinates":[137.641288,-35.65264]}},{"type":"Feature","properties":{"Name":"NSP Site - Kangaroo Island Health Service","Type":"Drug and Alcohol Services South Australia","Address":"3-7 Esplanade KINGSCOTE SA 5223","Suburb":null,"Postcode":null,"State":"SA","LHN":null,"Geographical LHN":null,"Governing Body":"DASSA - NSP Site"},"geometry":{"type":"Point","coordinates":[137.641288,-35.65264]}},{"type":"Feature","properties":{"Name":"NSP Site - Ardrossan Community Hospital","Type":"Drug and Alcohol Services South Australia","Address":"37 Fifth Street ARDROSSAN SA 5571","Suburb":null,"Postcode":null,"State":"SA","LHN":null,"Geographical LHN":null,"Governing Body":"DASSA - NSP Site"},"geometry":{"type":"Point","coordinates":[137.917346,-34.426285]}},{"type":"Feature","properties":{"Name":"NSP Pharmacy (Cost Involved) - The Barossa Pharmacist Main Street","Type":"Drug and Alcohol Services South Australia","Address":"37 Murray Street NURIOOTPA SA 5355","Suburb":null,"Postcode":null,"State":"SA","LHN":null,"Geographical LHN":null,"Governing Body":"DASSA - NSP Pharmacy (Cost Involved)"},"geometry":{"type":"Point","coordinates":[138.996113,-34.471421]}},{"type":"Feature","properties":{"Name":"NSP Pharmacy (Cost Involved) - Star Discount Chemist Collinswood","Type":"Drug and Alcohol Services South Australia","Address":"37 North East Road COLLINSWOOD SA 5081","Suburb":null,"Postcode":null,"State":"SA","LHN":null,"Geographical LHN":null,"Governing Body":"DASSA - NSP Pharmacy (Cost Involved)"},"geometry":{"type":"Point","coordinates":[138.611582,-34.890262]}},{"type":"Feature","properties":{"Name":"NSP Pharmacy (Cost Involved) - Kidman Park Pharmacy","Type":"Drug and Alcohol Services South Australia","Address":"376 Grange Road KIDMAN PARK SA 5025","Suburb":null,"Postcode":null,"State":"SA","LHN":null,"Geographical LHN":null,"Governing Body":"DASSA - NSP Pharmacy (Cost Involved)"},"geometry":{"type":"Point","coordinates":[138.523163,-34.906196]}},{"type":"Feature","properties":{"Name":"NSP Pharmacy (Cost Involved) - John Spick Terry White Chemmart","Type":"Drug and Alcohol Services South Australia","Address":"376 Shepherds Hill Road BLACKWOOD SA 5051","Suburb":null,"Postcode":null,"State":"SA","LHN":null,"Geographical LHN":null,"Governing Body":"DASSA - NSP Pharmacy (Cost Involved)"},"geometry":{"type":"Point","coordinates":[138.616403,-35.021386]}},{"type":"Feature","properties":{"Name":"NSP Pharmacy (Cost Involved) - National Pharmacies - Cumberland Park","Type":"Drug and Alcohol Services South Australia","Address":"380 Goodwood Road CUMBERLAND PARK SA 5041","Suburb":null,"Postcode":null,"State":"SA","LHN":null,"Geographical LHN":null,"Governing Body":"DASSA - NSP Pharmacy (Cost Involved)"},"geometry":{"type":"Point","coordinates":[138.590744,-34.969117]}},{"type":"Feature","properties":{"Name":"NSP Pharmacy (Cost Involved) - National Pharmacies - Kensington Park","Type":"Drug and Alcohol Services South Australia","Address":"392 Magill Road KENSINGTON PARK SA 5068","Suburb":null,"Postcode":null,"State":"SA","LHN":null,"Geographical LHN":null,"Governing Body":"DASSA - NSP Pharmacy (Cost Involved)"},"geometry":{"type":"Point","coordinates":[138.656749,-34.914189]}},{"type":"Feature","properties":{"Name":"NSP Pharmacy (Cost Involved) - Birks Chemists - Blair Athol","Type":"Drug and Alcohol Services South Australia","Address":"392 Main North Road BLAIR ATHOL SA 5084","Suburb":null,"Postcode":null,"State":"SA","LHN":null,"Geographical LHN":null,"Governing Body":"DASSA - NSP Pharmacy (Cost Involved)"},"geometry":{"type":"Point","coordinates":[138.60091,-34.862583]}},{"type":"Feature","properties":{"Name":"NSP Pharmacy (Cost Involved) - Priceline Pharmacy Plympton","Type":"Drug and Alcohol Services South Australia","Address":"392 Marion Road PLYMPTON SA 5038","Suburb":null,"Postcode":null,"State":"SA","LHN":null,"Geographical LHN":null,"Governing Body":"DASSA - NSP Pharmacy (Cost Involved)"},"geometry":{"type":"Point","coordinates":[138.554125,-34.962654]}},{"type":"Feature","properties":{"Name":"NSP Pharmacy (Cost Involved) - Tim Siv's Terry White Chemmart Burra","Type":"Drug and Alcohol Services South Australia","Address":"4 Market Square BURRA SA 5417","Suburb":null,"Postcode":null,"State":"SA","LHN":null,"Geographical LHN":null,"Governing Body":"DASSA - NSP Pharmacy (Cost Involved)"},"geometry":{"type":"Point","coordinates":[138.939218,-33.682263]}},{"type":"Feature","properties":{"Name":"NSP Pharmacy (Cost Involved) - Chemist King Frewville","Type":"Drug and Alcohol Services South Australia","Address":"4177 Glen Osmond Road FREWVILLE SA 5063","Suburb":null,"Postcode":null,"State":"SA","LHN":null,"Geographical LHN":null,"Governing Body":"DASSA - NSP Pharmacy (Cost Involved)"},"geometry":{"type":"Point","coordinates":[138.62918,-34.948726]}},{"type":"Feature","properties":{"Name":"NSP Pharmacy (Cost Involved) - Pharmasave Alberton Pharmacy","Type":"Drug and Alcohol Services South Australia","Address":"433 Fussell Place ALBERTON SA 5014","Suburb":null,"Postcode":null,"State":"SA","LHN":null,"Geographical LHN":null,"Governing Body":"DASSA - NSP Pharmacy (Cost Involved)"},"geometry":{"type":"Point","coordinates":[138.518689,-34.859771]}},{"type":"Feature","properties":{"Name":"NSP Pharmacy (Cost Involved) - Customcare Compounding Pharmacy","Type":"Drug and Alcohol Services South Australia","Address":"4392 Henley Beach Road LOCKLEYS SA 5032","Suburb":null,"Postcode":null,"State":"SA","LHN":null,"Geographical LHN":null,"Governing Body":"DASSA - NSP Pharmacy (Cost Involved)"},"geometry":{"type":"Point","coordinates":[138.534566,-34.92679]}},{"type":"Feature","properties":{"Name":"NSP Pharmacy (Cost Involved) - Minlaton Pharmacy","Type":"Drug and Alcohol Services South Australia","Address":"40 Main Street MINLATON SA 5575","Suburb":null,"Postcode":null,"State":"SA","LHN":null,"Geographical LHN":null,"Governing Body":"DASSA - NSP Pharmacy (Cost Involved)"},"geometry":{"type":"Point","coordinates":[137.595387,-34.772509]}},{"type":"Feature","properties":{"Name":"NSP Pharmacy (Cost Involved) - Priceline Pharmacy Mt Gambier","Type":"Drug and Alcohol Services South Australia","Address":"41 Commercial Street West MOUNT GAMBIER SA 5290","Suburb":null,"Postcode":null,"State":"SA","LHN":null,"Geographical LHN":null,"Governing Body":"DASSA - NSP Pharmacy (Cost Involved)"},"geometry":{"type":"Point","coordinates":[140.778745,-37.828165]}},{"type":"Feature","properties":{"Name":"NSP Pharmacy (Cost Involved) - National Pharmacies - Brighton","Type":"Drug and Alcohol Services South Australia","Address":"424 Brighton Road BRIGHTON SA 5048","Suburb":null,"Postcode":null,"State":"SA","LHN":null,"Geographical LHN":null,"Governing Body":"DASSA - NSP Pharmacy (Cost Involved)"},"geometry":{"type":"Point","coordinates":[138.523198,-35.015628]}},{"type":"Feature","properties":{"Name":"NSP Pharmacy (Cost Involved) - Good Price Pharmacy Windsor Gardens","Type":"Drug and Alcohol Services South Australia","Address":"424 North East Road WINDSOR GARDENS SA 5087","Suburb":null,"Postcode":null,"State":"SA","LHN":null,"Geographical LHN":null,"Governing Body":"DASSA - NSP Pharmacy (Cost Involved)"},"geometry":{"type":"Point","coordinates":[138.646797,-34.864742]}},{"type":"Feature","properties":{"Name":"NSP Pharmacy (Cost Involved) - PharmaSave Wayville Pharmacy","Type":"Drug and Alcohol Services South Australia","Address":"43-51 Goodwood Road WAYVILLE SA 5034","Suburb":null,"Postcode":null,"State":"SA","LHN":null,"Geographical LHN":null,"Governing Body":"DASSA - NSP Pharmacy (Cost Involved)"},"geometry":{"type":"Point","coordinates":[138.590349,-34.946488]}},{"type":"Feature","properties":{"Name":"NSP Pharmacy (Cost Involved) - Terry White Chemmart Hahndorf","Type":"Drug and Alcohol Services South Australia","Address":"43C Main Street HAHNDORF SA 5245","Suburb":null,"Postcode":null,"State":"SA","LHN":null,"Geographical LHN":null,"Governing Body":"DASSA - NSP Pharmacy (Cost Involved)"},"geometry":{"type":"Point","coordinates":[138.727568,-35.113407]}},{"type":"Feature","properties":{"Name":"NSP Pharmacy (Cost Involved) - Tim Siv's Terry White Chemmart Angaston","Type":"Drug and Alcohol Services South Australia","Address":"44A Murray Street ANGASTON SA 5353","Suburb":null,"Postcode":null,"State":"SA","LHN":null,"Geographical LHN":null,"Governing Body":"DASSA - NSP Pharmacy (Cost Involved)"},"geometry":{"type":"Point","coordinates":[139.047379,-34.500896]}},{"type":"Feature","properties":{"Name":"NSP Site - Marree District Hospital","Type":"Drug and Alcohol Services South Australia","Address":"45 First Street MARREE SA 5733","Suburb":null,"Postcode":null,"State":"SA","LHN":null,"Geographical LHN":null,"Governing Body":"DASSA - NSP Site"},"geometry":{"type":"Point","coordinates":[138.062106,-29.649581]}},{"type":"Feature","properties":{"Name":"NSP Pharmacy (Cost Involved) - Terry White Chemmart Mt Barker Gawler Street","Type":"Drug and Alcohol Services South Australia","Address":"45 Gawler Street MOUNT BARKER SA 5251","Suburb":null,"Postcode":null,"State":"SA","LHN":null,"Geographical LHN":null,"Governing Body":"DASSA - NSP Pharmacy (Cost Involved)"},"geometry":{"type":"Point","coordinates":[138.859491,-35.066563]}},{"type":"Feature","properties":{"Name":"NSP Pharmacy (Cost Involved) - Newbery Chemists - Wallaroo","Type":"Drug and Alcohol Services South Australia","Address":"45 Owen Terrace WALLAROO SA 5556","Suburb":null,"Postcode":null,"State":"SA","LHN":null,"Geographical LHN":null,"Governing Body":"DASSA - NSP Pharmacy (Cost Involved)"},"geometry":{"type":"Point","coordinates":[137.628253,-33.931657]}},{"type":"Feature","properties":{"Name":"NSP Pharmacy (Cost Involved) - United Chemists Marion Domain","Type":"Drug and Alcohol Services South Australia","Address":"453 Morphett Road OAKLANDS PARK SA 5046","Suburb":null,"Postcode":null,"State":"SA","LHN":null,"Geographical LHN":null,"Governing Body":"DASSA - NSP Pharmacy (Cost Involved)"},"geometry":{"type":"Point","coordinates":[138.541044,-35.013336]}},{"type":"Feature","properties":{"Name":"24-Hour Syringe Vending Machine - 24-Hour Syringe Vending Machine: Uniting Communities - Kurlana Tampawardli","Type":"Drug and Alcohol Services South Australia","Address":"45-47 Tapleys Hill Road HENDON SA 5014","Suburb":null,"Postcode":null,"State":"SA","LHN":null,"Geographical LHN":null,"Governing Body":"DASSA - 24-Hour Syringe Vending Machine"},"geometry":{"type":"Point","coordinates":[138.512407,-34.869207]}},{"type":"Feature","properties":{"Name":"Extended Product Range NSP Site - Uniting Communities - Kurlana Tampawardli (Extended Product Range)","Type":"Drug and Alcohol Services South Australia","Address":"45-47 Tapleys Hill Road HENDON SA 5014","Suburb":null,"Postcode":null,"State":"SA","LHN":null,"Geographical LHN":null,"Governing Body":"DASSA - Extended Product Range NSP Site"},"geometry":{"type":"Point","coordinates":[138.512407,-34.869207]}},{"type":"Feature","properties":{"Name":"NSP Site - Uniting Communities - Kurlana Tampawardli (Extended Product Range)","Type":"Drug and Alcohol Services South Australia","Address":"45-47 Tapleys Hill Road HENDON SA 5014","Suburb":null,"Postcode":null,"State":"SA","LHN":null,"Geographical LHN":null,"Governing Body":"DASSA - NSP Site"},"geometry":{"type":"Point","coordinates":[138.512407,-34.869207]}},{"type":"Feature","properties":{"Name":"NSP Site - Burra Hospital","Type":"Drug and Alcohol Services South Australia","Address":"46 Commercial Street BURRA SA 5417","Suburb":null,"Postcode":null,"State":"SA","LHN":null,"Geographical LHN":null,"Governing Body":"DASSA - NSP Site"},"geometry":{"type":"Point","coordinates":[138.934669,-33.685955]}},{"type":"Feature","properties":{"Name":"NSP Site - Elliston Hospital","Type":"Drug and Alcohol Services South Australia","Address":"4-6 Memorial Drive ELLISTON SA 5670","Suburb":null,"Postcode":null,"State":"SA","LHN":null,"Geographical LHN":null,"Governing Body":"DASSA - NSP Site"},"geometry":{"type":"Point","coordinates":[134.892199,-33.647917]}},{"type":"Feature","properties":{"Name":"NSP Pharmacy (Cost Involved) - Priceline Pharmacy Semaphore","Type":"Drug and Alcohol Services South Australia","Address":"46 Semaphore Road SEMAPHORE SA 5019","Suburb":null,"Postcode":null,"State":"SA","LHN":null,"Geographical LHN":null,"Governing Body":"DASSA - NSP Pharmacy (Cost Involved)"},"geometry":{"type":"Point","coordinates":[138.483372,-34.839098]}},{"type":"Feature","properties":{"Name":"NSP Site - Clare Hospital","Type":"Drug and Alcohol Services South Australia","Address":"47 Farrell Flat Road CLARE SA 5453","Suburb":null,"Postcode":null,"State":"SA","LHN":null,"Geographical LHN":null,"Governing Body":"DASSA - NSP Site"},"geometry":{"type":"Point","coordinates":[138.614638,-33.829594]}},{"type":"Feature","properties":{"Name":"NSP Pharmacy (Cost Involved) - Terry White Chemmart Brighton Day &amp; Night","Type":"Drug and Alcohol Services South Australia","Address":"479 Brighton Road BRIGHTON SA 5048","Suburb":null,"Postcode":null,"State":"SA","LHN":null,"Geographical LHN":null,"Governing Body":"DASSA - NSP Pharmacy (Cost Involved)"},"geometry":{"type":"Point","coordinates":[138.522793,-35.018218]}},{"type":"Feature","properties":{"Name":"NSP Pharmacy (Cost Involved) - Woodside Community Pharmacy","Type":"Drug and Alcohol Services South Australia","Address":"48 Onkaparinga Valley Road WOODSIDE SA 5244","Suburb":null,"Postcode":null,"State":"SA","LHN":null,"Geographical LHN":null,"Governing Body":"DASSA - NSP Pharmacy (Cost Involved)"},"geometry":{"type":"Point","coordinates":[138.87577,-34.951926]}},{"type":"Feature","properties":{"Name":"NSP Pharmacy (Cost Involved) - Port Vincent Pharmacy","Type":"Drug and Alcohol Services South Australia","Address":"4B Main Street PORT VINCENT SA 5581","Suburb":null,"Postcode":null,"State":"SA","LHN":null,"Geographical LHN":null,"Governing Body":"DASSA - NSP Pharmacy (Cost Involved)"},"geometry":{"type":"Point","coordinates":[137.860833,-34.777486]}},{"type":"Feature","properties":{"Name":"NSP Site - Port Augusta Substance Misuse Services","Type":"Drug and Alcohol Services South Australia","Address":"5 Elizabeth Terrace PORT AUGUSTA SA 5700","Suburb":null,"Postcode":null,"State":"SA","LHN":null,"Geographical LHN":null,"Governing Body":"DASSA - NSP Site"},"geometry":{"type":"Point","coordinates":[137.776392,-32.510895]}},{"type":"Feature","properties":{"Name":"NSP Pharmacy (Cost Involved) - Freeling Community Pharmacy","Type":"Drug and Alcohol Services South Australia","Address":"5 Gray Street FREELING SA 5372","Suburb":null,"Postcode":null,"State":"SA","LHN":null,"Geographical LHN":null,"Governing Body":"DASSA - NSP Pharmacy (Cost Involved)"},"geometry":{"type":"Point","coordinates":[138.808891,-34.454913]}},{"type":"Feature","properties":{"Name":"NSP Pharmacy (Cost Involved) - Birdwood Pharmacy","Type":"Drug and Alcohol Services South Australia","Address":"520 Shannon Street BIRDWOOD SA 5234","Suburb":null,"Postcode":null,"State":"SA","LHN":null,"Geographical LHN":null,"Governing Body":"DASSA - NSP Pharmacy (Cost Involved)"},"geometry":{"type":"Point","coordinates":[138.959171,-34.819491]}},{"type":"Feature","properties":{"Name":"NSP Pharmacy (Cost Involved) - Terry White Chemmart Woodcroft Plaza","Type":"Drug and Alcohol Services South Australia","Address":"5217 Pimpala Road WOODCROFT SA 5162","Suburb":null,"Postcode":null,"State":"SA","LHN":null,"Geographical LHN":null,"Governing Body":"DASSA - NSP Pharmacy (Cost Involved)"},"geometry":{"type":"Point","coordinates":[138.554037,-35.103692]}},{"type":"Feature","properties":{"Name":"24-Hour Syringe Vending Machine - 24-Hour Syringe Vending Machine: Southern Fleurieu Health Service","Type":"Drug and Alcohol Services South Australia","Address":"50 Harbour View Terrace VICTOR HARBOUR SA 5211","Suburb":null,"Postcode":null,"State":"SA","LHN":null,"Geographical LHN":null,"Governing Body":"DASSA - 24-Hour Syringe Vending Machine"},"geometry":{"type":"Point","coordinates":[138.6082,-35.560739]}},{"type":"Feature","properties":{"Name":"NSP Site - Southern Fleurieu Health Service","Type":"Drug and Alcohol Services South Australia","Address":"50 Harbour View Terrace VICTOR HARBOUR SA 5211","Suburb":null,"Postcode":null,"State":"SA","LHN":null,"Geographical LHN":null,"Governing Body":"DASSA - NSP Site"},"geometry":{"type":"Point","coordinates":[138.6082,-35.560739]}},{"type":"Feature","properties":{"Name":"NSP Pharmacy (Cost Involved) - Chemist King Colonel Light Gardens","Type":"Drug and Alcohol Services South Australia","Address":"501 Goodwood Road COLONEL LIGHT GARDENS SA 5041","Suburb":null,"Postcode":null,"State":"SA","LHN":null,"Geographical LHN":null,"Governing Body":"DASSA - NSP Pharmacy (Cost Involved)"},"geometry":{"type":"Point","coordinates":[138.592348,-34.981114]}},{"type":"Feature","properties":{"Name":"NSP Pharmacy (Cost Involved) - United Friendly Societies Chemists - Mount Gambier","Type":"Drug and Alcohol Services South Australia","Address":"51 Commercial Street East MOUNT GAMBIER SA 5290","Suburb":null,"Postcode":null,"State":"SA","LHN":null,"Geographical LHN":null,"Governing Body":"DASSA - NSP Pharmacy (Cost Involved)"},"geometry":{"type":"Point","coordinates":[140.782348,-37.828835]}},{"type":"Feature","properties":{"Name":"NSP Site - Millicent and District Hospital and Health Service","Type":"Drug and Alcohol Services South Australia","Address":"51 Mount Gambier Road MILLICENT SA 5280","Suburb":null,"Postcode":null,"State":"SA","LHN":null,"Geographical LHN":null,"Governing Body":"DASSA - NSP Site"},"geometry":{"type":"Point","coordinates":[140.358631,-37.598913]}},{"type":"Feature","properties":{"Name":"NSP Pharmacy (Cost Involved) - United Chemists Para Hills","Type":"Drug and Alcohol Services South Australia","Address":"513 Bridge Road PARA HILLS SA 5096","Suburb":null,"Postcode":null,"State":"SA","LHN":null,"Geographical LHN":null,"Governing Body":"DASSA - NSP Pharmacy (Cost Involved)"},"geometry":{"type":"Point","coordinates":[138.65659,-34.799521]}},{"type":"Feature","properties":{"Name":"NSP Pharmacy (Cost Involved) - National Pharmacies - Adelaide","Type":"Drug and Alcohol Services South Australia","Address":"52 Gawler Place ADELAIDE SA 5000","Suburb":null,"Postcode":null,"State":"SA","LHN":null,"Geographical LHN":null,"Governing Body":"DASSA - NSP Pharmacy (Cost Involved)"},"geometry":{"type":"Point","coordinates":[138.601962,-34.923118]}},{"type":"Feature","properties":{"Name":"NSP Pharmacy (Cost Involved) - Terry White Chemmart Morphettville","Type":"Drug and Alcohol Services South Australia","Address":"520 Anzac Highway GLENELG EAST SA 5045","Suburb":null,"Postcode":null,"State":"SA","LHN":null,"Geographical LHN":null,"Governing Body":"DASSA - NSP Pharmacy (Cost Involved)"},"geometry":{"type":"Point","coordinates":[138.537257,-34.975794]}},{"type":"Feature","properties":{"Name":"NSP Pharmacy (Cost Involved) - Terry White Chemmart Hazelwood Park","Type":"Drug and Alcohol Services South Australia","Address":"537 Glynburn Road HAZELWOOD PARK SA 5066","Suburb":null,"Postcode":null,"State":"SA","LHN":null,"Geographical LHN":null,"Governing Body":"DASSA - NSP Pharmacy (Cost Involved)"},"geometry":{"type":"Point","coordinates":[138.65992,-34.939674]}},{"type":"Feature","properties":{"Name":"NSP Pharmacy (Cost Involved) - Lobethal Community Pharmacy","Type":"Drug and Alcohol Services South Australia","Address":"55 Main Street LOBETHAL SA 5241","Suburb":null,"Postcode":null,"State":"SA","LHN":null,"Geographical LHN":null,"Governing Body":"DASSA - NSP Pharmacy (Cost Involved)"},"geometry":{"type":"Point","coordinates":[138.874485,-34.904051]}},{"type":"Feature","properties":{"Name":"NSP Pharmacy (Cost Involved) - Norrie Avenue Priceline Pharmacy","Type":"Drug and Alcohol Services South Australia","Address":"55-59 Norrie Avenue WHYALLA NORRIE SA 5608","Suburb":null,"Postcode":null,"State":"SA","LHN":null,"Geographical LHN":null,"Governing Body":"DASSA - NSP Pharmacy (Cost Involved)"},"geometry":{"type":"Point","coordinates":[137.550592,-33.02541]}},{"type":"Feature","properties":{"Name":"NSP Pharmacy (Cost Involved) - National Pharmacies - Semaphore","Type":"Drug and Alcohol Services South Australia","Address":"56-58 Semaphore Road SEMAPHORE SA 5019","Suburb":null,"Postcode":null,"State":"SA","LHN":null,"Geographical LHN":null,"Governing Body":"DASSA - NSP Pharmacy (Cost Involved)"},"geometry":{"type":"Point","coordinates":[138.484101,-34.839172]}},{"type":"Feature","properties":{"Name":"NSP Site - SHINE SA - Hyde Street Practice","Type":"Drug and Alcohol Services South Australia","Address":"57 Hyde Street ADELAIDE SA 5000","Suburb":null,"Postcode":null,"State":"SA","LHN":null,"Geographical LHN":null,"Governing Body":"DASSA - NSP Site"},"geometry":{"type":"Point","coordinates":[138.604478,-34.926129]}},{"type":"Feature","properties":{"Name":"NSP Pharmacy (Cost Involved) - Terry White Chemmart Murray Bridge","Type":"Drug and Alcohol Services South Australia","Address":"58 Bridge Street MURRAY BRIDGE SA 5253","Suburb":null,"Postcode":null,"State":"SA","LHN":null,"Geographical LHN":null,"Governing Body":"DASSA - NSP Pharmacy (Cost Involved)"},"geometry":{"type":"Point","coordinates":[139.274979,-35.11951]}},{"type":"Feature","properties":{"Name":"NSP Pharmacy (Cost Involved) - Meadows Community Pharmacy","Type":"Drug and Alcohol Services South Australia","Address":"59A Mawson Road MEADOWS SA 5201","Suburb":null,"Postcode":null,"State":"SA","LHN":null,"Geographical LHN":null,"Governing Body":"DASSA - NSP Pharmacy (Cost Involved)"},"geometry":{"type":"Point","coordinates":[138.759095,-35.181032]}},{"type":"Feature","properties":{"Name":"NSP Pharmacy (Cost Involved) - Infinity Compounding Pharmacy","Type":"Drug and Alcohol Services South Australia","Address":"5A Glynburn Road GLYNDE SA 5070","Suburb":null,"Postcode":null,"State":"SA","LHN":null,"Geographical LHN":null,"Governing Body":"DASSA - NSP Pharmacy (Cost Involved)"},"geometry":{"type":"Point","coordinates":[138.656198,-34.890417]}},{"type":"Feature","properties":{"Name":"NSP Site - Mid West Health Community Services - Streaky Bay","Type":"Drug and Alcohol Services South Australia","Address":"6 William Crescent STREAKY BAY SA 5680","Suburb":null,"Postcode":null,"State":"SA","LHN":null,"Geographical LHN":null,"Governing Body":"DASSA - NSP Site"},"geometry":{"type":"Point","coordinates":[134.216925,-32.792718]}},{"type":"Feature","properties":{"Name":"Extended Product Range NSP Site - Community Access &amp; Services SA, Vietnamese Community (Extended Product Range)","Type":"Drug and Alcohol Services South Australia","Address":"62 Athol Street ATHOL PARK SA 5012","Suburb":null,"Postcode":null,"State":"SA","LHN":null,"Geographical LHN":null,"Governing Body":"DASSA - Extended Product Range NSP Site"},"geometry":{"type":"Point","coordinates":[138.545167,-34.852708]}},{"type":"Feature","properties":{"Name":"NSP Site - Community Access &amp; Services SA, Vietnamese Community (Extended Product Range)","Type":"Drug and Alcohol Services South Australia","Address":"62 Athol Street ATHOL PARK SA 5012","Suburb":null,"Postcode":null,"State":"SA","LHN":null,"Geographical LHN":null,"Governing Body":"DASSA - NSP Site"},"geometry":{"type":"Point","coordinates":[138.545167,-34.852708]}},{"type":"Feature","properties":{"Name":"NSP Pharmacy (Cost Involved) - Plympton Discount Pharmacy","Type":"Drug and Alcohol Services South Australia","Address":"625-627 Marion Road SOUTH PLYMPTON SA 5038","Suburb":null,"Postcode":null,"State":"SA","LHN":null,"Geographical LHN":null,"Governing Body":"DASSA - NSP Pharmacy (Cost Involved)"},"geometry":{"type":"Point","coordinates":[138.556572,-34.982543]}},{"type":"Feature","properties":{"Name":"NSP Pharmacy (Cost Involved) - Ian F. Gordon Compounding Pharmacy","Type":"Drug and Alcohol Services South Australia","Address":"64 Hamblynn Road ELIZABETH DOWNS SA 5113","Suburb":null,"Postcode":null,"State":"SA","LHN":null,"Geographical LHN":null,"Governing Body":"DASSA - NSP Pharmacy (Cost Involved)"},"geometry":{"type":"Point","coordinates":[138.693073,-34.694738]}},{"type":"Feature","properties":{"Name":"NSP Pharmacy (Cost Involved) - National Pharmacies - Ocean Street","Type":"Drug and Alcohol Services South Australia","Address":"64 Ocean Street VICTOR HARBOR SA 5211","Suburb":null,"Postcode":null,"State":"SA","LHN":null,"Geographical LHN":null,"Governing Body":"DASSA - NSP Pharmacy (Cost Involved)"},"geometry":{"type":"Point","coordinates":[138.623145,-35.552652]}},{"type":"Feature","properties":{"Name":"NSP Site - SHINE SA - Woodville","Type":"Drug and Alcohol Services South Australia","Address":"64C Woodville Road WOODVILLE SA 5011","Suburb":null,"Postcode":null,"State":"SA","LHN":null,"Geographical LHN":null,"Governing Body":"DASSA - NSP Site"},"geometry":{"type":"Point","coordinates":[138.536845,-34.87941]}},{"type":"Feature","properties":{"Name":"NSP Site - Maitland Hospital and Health Services","Type":"Drug and Alcohol Services South Australia","Address":"65 Roberts Street MAITLAND SA 5573","Suburb":null,"Postcode":null,"State":"SA","LHN":null,"Geographical LHN":null,"Governing Body":"DASSA - NSP Site"},"geometry":{"type":"Point","coordinates":[137.67423,-34.370458]}},{"type":"Feature","properties":{"Name":"NSP Pharmacy (Cost Involved) - Pharmasave Seacliff","Type":"Drug and Alcohol Services South Australia","Address":"675 Brighton Road SEACLIFF SA 5049","Suburb":null,"Postcode":null,"State":"SA","LHN":null,"Geographical LHN":null,"Governing Body":"DASSA - NSP Pharmacy (Cost Involved)"},"geometry":{"type":"Point","coordinates":[138.524092,-35.035855]}},{"type":"Feature","properties":{"Name":"NSP Pharmacy (Cost Involved) - Terry White Chemmart Marden Compounding","Type":"Drug and Alcohol Services South Australia","Address":"6-8 Lower Portrush Road MARDEN SA 5070","Suburb":null,"Postcode":null,"State":"SA","LHN":null,"Geographical LHN":null,"Governing Body":"DASSA - NSP Pharmacy (Cost Involved)"},"geometry":{"type":"Point","coordinates":[138.638134,-34.89581]}},{"type":"Feature","properties":{"Name":"NSP Pharmacy (Cost Involved) - Terry White Chemmart West Beach","Type":"Drug and Alcohol Services South Australia","Address":"695A Burbridge Road WEST BEACH SA 5024","Suburb":null,"Postcode":null,"State":"SA","LHN":null,"Geographical LHN":null,"Governing Body":"DASSA - NSP Pharmacy (Cost Involved)"},"geometry":{"type":"Point","coordinates":[138.505436,-34.936899]}},{"type":"Feature","properties":{"Name":"NSP Site - Minlaton Medical Centre","Type":"Drug and Alcohol Services South Australia","Address":"7 South Terrace MINLATON SA 5575","Suburb":null,"Postcode":null,"State":"SA","LHN":null,"Geographical LHN":null,"Governing Body":"DASSA - NSP Site"},"geometry":{"type":"Point","coordinates":[137.59291,-34.774054]}},{"type":"Feature","properties":{"Name":"NSP Site - Port Augusta Hospital and Regional Health Services Inc.","Type":"Drug and Alcohol Services South Australia","Address":"71 Hospital Road PORT AUGUSTA SA 5700","Suburb":null,"Postcode":null,"State":"SA","LHN":null,"Geographical LHN":null,"Governing Body":"DASSA - NSP Site"},"geometry":{"type":"Point","coordinates":[137.776628,-32.509545]}},{"type":"Feature","properties":{"Name":"NSP Site - Tailem Bend District Hospital","Type":"Drug and Alcohol Services South Australia","Address":"74 Princes Highway TAILEM BEND SA 5259","Suburb":null,"Postcode":null,"State":"SA","LHN":null,"Geographical LHN":null,"Governing Body":"DASSA - NSP Site"},"geometry":{"type":"Point","coordinates":[139.453201,-35.255329]}},{"type":"Feature","properties":{"Name":"NSP Pharmacy (Cost Involved) - Terry White Chemmart Marion Compounding","Type":"Drug and Alcohol Services South Australia","Address":"746 Marion Road MARION SA 5043","Suburb":null,"Postcode":null,"State":"SA","LHN":null,"Geographical LHN":null,"Governing Body":"DASSA - NSP Pharmacy (Cost Involved)"},"geometry":{"type":"Point","coordinates":[138.557322,-35.005209]}},{"type":"Feature","properties":{"Name":"NSP Pharmacy (Cost Involved) - Tailem Bend Pharmacy","Type":"Drug and Alcohol Services South Australia","Address":"75 Railway Terrace TAILEM BEND SA 5260","Suburb":null,"Postcode":null,"State":"SA","LHN":null,"Geographical LHN":null,"Governing Body":"DASSA - NSP Pharmacy (Cost Involved)"},"geometry":{"type":"Point","coordinates":[139.4557,-35.255606]}},{"type":"Feature","properties":{"Name":"NSP Site - Leigh Creek Hospital","Type":"Drug and Alcohol Services South Australia","Address":"77 Black Oak Drive LEIGH CREEK SA 5731","Suburb":null,"Postcode":null,"State":"SA","LHN":null,"Geographical LHN":null,"Governing Body":"DASSA - NSP Site"},"geometry":{"type":"Point","coordinates":[138.398492,-30.591609]}},{"type":"Feature","properties":{"Name":"NSP Pharmacy (Cost Involved) - Millicent Chemist and Giftware","Type":"Drug and Alcohol Services South Australia","Address":"77 George Street MILLICENT SA 5280","Suburb":null,"Postcode":null,"State":"SA","LHN":null,"Geographical LHN":null,"Governing Body":"DASSA - NSP Pharmacy (Cost Involved)"},"geometry":{"type":"Point","coordinates":[140.355194,-37.595688]}},{"type":"Feature","properties":{"Name":"NSP Pharmacy (Cost Involved) - Copper Coast Pharmacist Advice","Type":"Drug and Alcohol Services South Australia","Address":"77-79 Port Road KADINA SA 5554","Suburb":null,"Postcode":null,"State":"SA","LHN":null,"Geographical LHN":null,"Governing Body":"DASSA - NSP Pharmacy (Cost Involved)"},"geometry":{"type":"Point","coordinates":[137.694405,-33.957717]}},{"type":"Feature","properties":{"Name":"NSP Pharmacy (Cost Involved) - O'Halloran Hill Priceline","Type":"Drug and Alcohol Services South Australia","Address":"79 Main South Road O'HALLORAN HILL SA 5158","Suburb":null,"Postcode":null,"State":"SA","LHN":null,"Geographical LHN":null,"Governing Body":"DASSA - NSP Pharmacy (Cost Involved)"},"geometry":{"type":"Point","coordinates":[138.555661,-35.067328]}},{"type":"Feature","properties":{"Name":"NSP Site - Tumby Bay Hospital","Type":"Drug and Alcohol Services South Australia","Address":"8 Esplanade TUMBY BAY SA 5605","Suburb":null,"Postcode":null,"State":"SA","LHN":null,"Geographical LHN":null,"Governing Body":"DASSA - NSP Site"},"geometry":{"type":"Point","coordinates":[136.103934,-34.372192]}},{"type":"Feature","properties":{"Name":"NSP Pharmacy (Cost Involved) - Newbery Chemists - Moonta","Type":"Drug and Alcohol Services South Australia","Address":"8 George Street MOONTA SA 5558","Suburb":null,"Postcode":null,"State":"SA","LHN":null,"Geographical LHN":null,"Governing Body":"DASSA - NSP Pharmacy (Cost Involved)"},"geometry":{"type":"Point","coordinates":[137.592247,-34.068692]}},{"type":"Feature","properties":{"Name":"NSP Pharmacy (Cost Involved) - Star Discount Chemist - Pooraka","Type":"Drug and Alcohol Services South Australia","Address":"803 Main North Road POORAKA SA 5095","Suburb":null,"Postcode":null,"State":"SA","LHN":null,"Geographical LHN":null,"Governing Body":"DASSA - NSP Pharmacy (Cost Involved)"},"geometry":{"type":"Point","coordinates":[138.612149,-34.832087]}},{"type":"Feature","properties":{"Name":"NSP Pharmacy (Cost Involved) - Jeff Ramsey Compounding Pharmacy","Type":"Drug and Alcohol Services South Australia","Address":"81 O'Connell Street NORTH ADELAIDE SA 5006","Suburb":null,"Postcode":null,"State":"SA","LHN":null,"Geographical LHN":null,"Governing Body":"DASSA - NSP Pharmacy (Cost Involved)"},"geometry":{"type":"Point","coordinates":[138.595266,-34.907063]}},{"type":"Feature","properties":{"Name":"NSP Pharmacy (Cost Involved) - National Pharmacies - Glenelg","Type":"Drug and Alcohol Services South Australia","Address":"83 Jetty Road GLENELG SA 5045","Suburb":null,"Postcode":null,"State":"SA","LHN":null,"Geographical LHN":null,"Governing Body":"DASSA - NSP Pharmacy (Cost Involved)"},"geometry":{"type":"Point","coordinates":[138.516684,-34.979975]}},{"type":"Feature","properties":{"Name":"NSP Pharmacy (Cost Involved) - Chemist King Hectorville","Type":"Drug and Alcohol Services South Australia","Address":"84 Glynburn Road HECTORVILLE SA 5073","Suburb":null,"Postcode":null,"State":"SA","LHN":null,"Geographical LHN":null,"Governing Body":"DASSA - NSP Pharmacy (Cost Involved)"},"geometry":{"type":"Point","coordinates":[138.657448,-34.895484]}},{"type":"Feature","properties":{"Name":"NSP Pharmacy (Cost Involved) - Terry White Chemmart Normanville","Type":"Drug and Alcohol Services South Australia","Address":"85 Main Street NORMANVILLE SA 5204","Suburb":null,"Postcode":null,"State":"SA","LHN":null,"Geographical LHN":null,"Governing Body":"DASSA - NSP Pharmacy (Cost Involved)"},"geometry":{"type":"Point","coordinates":[138.354732,-35.462341]}},{"type":"Feature","properties":{"Name":"NSP Pharmacy (Cost Involved) - Terry White Chemmart Summit Health Centre","Type":"Drug and Alcohol Services South Australia","Address":"85 Wellington Road MOUNT BARKER SA 5251","Suburb":null,"Postcode":null,"State":"SA","LHN":null,"Geographical LHN":null,"Governing Body":"DASSA - NSP Pharmacy (Cost Involved)"},"geometry":{"type":"Point","coordinates":[138.870312,-35.082218]}},{"type":"Feature","properties":{"Name":"NSP Pharmacy (Cost Involved) - Priceline Pharmacy Port Pirie","Type":"Drug and Alcohol Services South Australia","Address":"85-93 Florence Street PORT PIRIE SA 5540","Suburb":null,"Postcode":null,"State":"SA","LHN":null,"Geographical LHN":null,"Governing Body":"DASSA - NSP Pharmacy (Cost Involved)"},"geometry":{"type":"Point","coordinates":[138.009118,-33.177715]}},{"type":"Feature","properties":{"Name":"NSP Pharmacy (Cost Involved) - Terry White Chemmart Two Wells","Type":"Drug and Alcohol Services South Australia","Address":"86 Old Port Wakefield Road TWO WELLS SA 5501","Suburb":null,"Postcode":null,"State":"SA","LHN":null,"Geographical LHN":null,"Governing Body":"DASSA - NSP Pharmacy (Cost Involved)"},"geometry":{"type":"Point","coordinates":[138.516217,-34.594696]}},{"type":"Feature","properties":{"Name":"NSP Pharmacy (Cost Involved) - Terry White Chemmart Mannum Riverside","Type":"Drug and Alcohol Services South Australia","Address":"86-88 Randell Street MANNUM SA 5238","Suburb":null,"Postcode":null,"State":"SA","LHN":null,"Geographical LHN":null,"Governing Body":"DASSA - NSP Pharmacy (Cost Involved)"},"geometry":{"type":"Point","coordinates":[139.312529,-34.913723]}},{"type":"Feature","properties":{"Name":"24-Hour Syringe Vending Machine - 24-Hour Syringe Vending Machine: Mount Barker District Soldiers' Memorial Hospital","Type":"Drug and Alcohol Services South Australia","Address":"87 Wellington Road MOUNT  BARKER SA 5251","Suburb":null,"Postcode":null,"State":"SA","LHN":null,"Geographical LHN":null,"Governing Body":"DASSA - 24-Hour Syringe Vending Machine"},"geometry":{"type":"Point","coordinates":[138.870461,-35.081859]}},{"type":"Feature","properties":{"Name":"NSP Site - Mount Barker District Soldiers' Memorial Hospital","Type":"Drug and Alcohol Services South Australia","Address":"87 Wellington Road MOUNT  BARKER SA 5251","Suburb":null,"Postcode":null,"State":"SA","LHN":null,"Geographical LHN":null,"Governing Body":"DASSA - NSP Site"},"geometry":{"type":"Point","coordinates":[138.870461,-35.081859]}},{"type":"Feature","properties":{"Name":"NSP Site - Coober Pedy Hospital","Type":"Drug and Alcohol Services South Australia","Address":"89 Hospital Road COOBER PEDY SA 5723","Suburb":null,"Postcode":null,"State":"SA","LHN":null,"Geographical LHN":null,"Governing Body":"DASSA - NSP Site"},"geometry":{"type":"Point","coordinates":[134.762247,-29.004879]}},{"type":"Feature","properties":{"Name":"NSP Pharmacy (Cost Involved) - Good Price Pharmacy Warehouse Port Augusta","Type":"Drug and Alcohol Services South Australia","Address":"9 Commercial Road PORT AUGUSTA SA 5700","Suburb":null,"Postcode":null,"State":"SA","LHN":null,"Geographical LHN":null,"Governing Body":"DASSA - NSP Pharmacy (Cost Involved)"},"geometry":{"type":"Point","coordinates":[137.761365,-32.490946]}},{"type":"Feature","properties":{"Name":"NSP Pharmacy (Cost Involved) - Willunga Pharmacy","Type":"Drug and Alcohol Services South Australia","Address":"9 High Street WILLUNGA SA 5172","Suburb":null,"Postcode":null,"State":"SA","LHN":null,"Geographical LHN":null,"Governing Body":"DASSA - NSP Pharmacy (Cost Involved)"},"geometry":{"type":"Point","coordinates":[138.555681,-35.272435]}},{"type":"Feature","properties":{"Name":"NSP Pharmacy (Cost Involved) - Yankalilla Family Pharmacy","Type":"Drug and Alcohol Services South Australia","Address":"90 Main Street YANKALILLA SA 5203","Suburb":null,"Postcode":null,"State":"SA","LHN":null,"Geographical LHN":null,"Governing Body":"DASSA - NSP Pharmacy (Cost Involved)"},"geometry":{"type":"Point","coordinates":[138.350561,-35.458016]}},{"type":"Feature","properties":{"Name":"24-Hour Syringe Vending Machine - 24-Hour Syringe Vending Machine: Drug and Alcohol Services SA - Central","Type":"Drug and Alcohol Services South Australia","Address":"91 Magill Road STEPNEY SA 5069","Suburb":null,"Postcode":null,"State":"SA","LHN":null,"Geographical LHN":null,"Governing Body":"DASSA - 24-Hour Syringe Vending Machine"},"geometry":{"type":"Point","coordinates":[138.629542,-34.915023]}},{"type":"Feature","properties":{"Name":"Extended Product Range NSP Site - Drug and Alcohol Services SA - Central (Extended Product Range)","Type":"Drug and Alcohol Services South Australia","Address":"91 Magill Road STEPNEY SA 5069","Suburb":null,"Postcode":null,"State":"SA","LHN":null,"Geographical LHN":null,"Governing Body":"DASSA - Extended Product Range NSP Site"},"geometry":{"type":"Point","coordinates":[138.629542,-34.915023]}},{"type":"Feature","properties":{"Name":"NSP Site - Drug and Alcohol Services SA - Central (Extended Product Range)","Type":"Drug and Alcohol Services South Australia","Address":"91 Magill Road STEPNEY SA 5069","Suburb":null,"Postcode":null,"State":"SA","LHN":null,"Geographical LHN":null,"Governing Body":"DASSA - NSP Site"},"geometry":{"type":"Point","coordinates":[138.629542,-34.915023]}},{"type":"Feature","properties":{"Name":"NSP Pharmacy (Cost Involved) - Priceline Pharmacy Glenelg","Type":"Drug and Alcohol Services South Australia","Address":"77 Jetty Road GLENELG SA 5045","Suburb":null,"Postcode":null,"State":"SA","LHN":null,"Geographical LHN":null,"Governing Body":"DASSA - NSP Pharmacy (Cost Involved)"},"geometry":{"type":"Point","coordinates":[138.516062,-34.980033]}},{"type":"Feature","properties":{"Name":"NSP Pharmacy (Cost Involved) - Terry White Chemmart - Monarch","Type":"Drug and Alcohol Services South Australia","Address":"94 Essington Lewis Avenue WHYALLA SA 5600","Suburb":null,"Postcode":null,"State":"SA","LHN":null,"Geographical LHN":null,"Governing Body":"DASSA - NSP Pharmacy (Cost Involved)"},"geometry":{"type":"Point","coordinates":[137.573193,-33.037507]}},{"type":"Feature","properties":{"Name":"NSP Pharmacy (Cost Involved) - Terry White Chemmart Gawler","Type":"Drug and Alcohol Services South Australia","Address":"94 Murray Street GAWLER SA 5118","Suburb":null,"Postcode":null,"State":"SA","LHN":null,"Geographical LHN":null,"Governing Body":"DASSA - NSP Pharmacy (Cost Involved)"},"geometry":{"type":"Point","coordinates":[138.748798,-34.598673]}},{"type":"Feature","properties":{"Name":"NSP Pharmacy (Cost Involved) - Blooms The Chemist Glenelg","Type":"Drug and Alcohol Services South Australia","Address":"95 Jetty Road GLENELG SA 5045","Suburb":null,"Postcode":null,"State":"SA","LHN":null,"Geographical LHN":null,"Governing Body":"DASSA - NSP Pharmacy (Cost Involved)"},"geometry":{"type":"Point","coordinates":[138.517544,-34.98002]}},{"type":"Feature","properties":{"Name":"24-Hour Syringe Vending Machine - 24-Hour Syringe Vending Machine: Murray Mallee Community Health (located in Murray Bridge Soldiers' Memorial Hospital)","Type":"Drug and Alcohol Services South Australia","Address":"96 Swanport Road MURRAY BRIDGE SA 5253","Suburb":null,"Postcode":null,"State":"SA","LHN":null,"Geographical LHN":null,"Governing Body":"DASSA - 24-Hour Syringe Vending Machine"},"geometry":{"type":"Point","coordinates":[139.280616,-35.128874]}},{"type":"Feature","properties":{"Name":"NSP Site - Murray Mallee Community Health (located in Murray Bridge Soldiers' Memorial Hospital)","Type":"Drug and Alcohol Services South Australia","Address":"96 Swanport Road MURRAY BRIDGE SA 5253","Suburb":null,"Postcode":null,"State":"SA","LHN":null,"Geographical LHN":null,"Governing Body":"DASSA - NSP Site"},"geometry":{"type":"Point","coordinates":[139.280616,-35.128874]}},{"type":"Feature","properties":{"Name":"NSP Pharmacy (Cost Involved) - National Pharmacies - Ascot Park","Type":"Drug and Alcohol Services South Australia","Address":"Ascot Park Shopping Centre, 629 Marion Road ASCOT PARK SA 5043","Suburb":null,"Postcode":null,"State":"SA","LHN":null,"Geographical LHN":null,"Governing Body":"DASSA - NSP Pharmacy (Cost Involved)"},"geometry":{"type":"Point","coordinates":[138.556684,-34.982952]}},{"type":"Feature","properties":{"Name":"NSP Site - Port Broughton District Hospital and Health Service","Type":"Drug and Alcohol Services South Australia","Address":"Bay Street PORT BROUGHTON SA 5522","Suburb":null,"Postcode":null,"State":"SA","LHN":null,"Geographical LHN":null,"Governing Body":"DASSA - NSP Site"},"geometry":{"type":"Point","coordinates":[137.933374,-33.600445]}},{"type":"Feature","properties":{"Name":"24-Hour Syringe Vending Machine - 24-Hour Syringe Vending Machine: Noarlunga NSP","Type":"Drug and Alcohol Services South Australia","Address":"Building 2, Corner Hannah Road and Alexander Kelly Drive NOARLUNGA CENTRE SA 5168","Suburb":null,"Postcode":null,"State":"SA","LHN":null,"Geographical LHN":null,"Governing Body":"DASSA - 24-Hour Syringe Vending Machine"},"geometry":{"type":"Point","coordinates":[138.497192,-35.139375]}},{"type":"Feature","properties":{"Name":"Extended Product Range NSP Site - Noarlunga NSP (Extended Product Range)","Type":"Drug and Alcohol Services South Australia","Address":"Building 2, Corner Hannah Road and Alexander Kelly Drive NOARLUNGA CENTRE SA 5168","Suburb":null,"Postcode":null,"State":"SA","LHN":null,"Geographical LHN":null,"Governing Body":"DASSA - Extended Product Range NSP Site"},"geometry":{"type":"Point","coordinates":[138.497192,-35.139375]}},{"type":"Feature","properties":{"Name":"NSP Site - Noarlunga NSP (Extended Product Range)","Type":"Drug and Alcohol Services South Australia","Address":"Building 2, Corner Hannah Road and Alexander Kelly Drive NOARLUNGA CENTRE SA 5168","Suburb":null,"Postcode":null,"State":"SA","LHN":null,"Geographical LHN":null,"Governing Body":"DASSA - NSP Site"},"geometry":{"type":"Point","coordinates":[138.497192,-35.139375]}},{"type":"Feature","properties":{"Name":"NSP Pharmacy (Cost Involved) - Chemist Warehouse Murray Bridge","Type":"Drug and Alcohol Services South Australia","Address":"Building B, 165 Adelaide Roa MURRAY BRIDGE SA 5253","Suburb":null,"Postcode":null,"State":"SA","LHN":null,"Geographical LHN":null,"Governing Body":"DASSA - NSP Pharmacy (Cost Involved)"},"geometry":{"type":"Point","coordinates":[139.25223,-35.128336]}},{"type":"Feature","properties":{"Name":"NSP Site - Pinnaroo Soldiers' Memorial Hospital","Type":"Drug and Alcohol Services South Australia","Address":"Bundey Terrace PINNAROO SA 5304","Suburb":null,"Postcode":null,"State":"SA","LHN":null,"Geographical LHN":null,"Governing Body":"DASSA - NSP Site"},"geometry":{"type":"Point","coordinates":[140.906751,-35.256994]}},{"type":"Feature","properties":{"Name":"NSP Site - Naracoorte Hospital and Community Health Service","Type":"Drug and Alcohol Services South Australia","Address":"Cedar Avenue NARACOORTE SA 5271","Suburb":null,"Postcode":null,"State":"SA","LHN":null,"Geographical LHN":null,"Governing Body":"DASSA - NSP Site"},"geometry":{"type":"Point","coordinates":[140.746384,-36.979864]}},{"type":"Feature","properties":{"Name":"NSP Pharmacy (Cost Involved) - National Pharmacies - Christies Beach","Type":"Drug and Alcohol Services South Australia","Address":"Christies Beach Shopping Centre, 70 Beach Road CHRISTIES BEACH SA 5165","Suburb":null,"Postcode":null,"State":"SA","LHN":null,"Geographical LHN":null,"Governing Body":"DASSA - NSP Pharmacy (Cost Involved)"},"geometry":{"type":"Point","coordinates":[138.477971,-35.139613]}},{"type":"Feature","properties":{"Name":"NSP Site - Kingston Soldiers' Memorial Hospital","Type":"Drug and Alcohol Services South Australia","Address":"Corner Cooke Street and Young Street KINGSTON SE SA 5275","Suburb":null,"Postcode":null,"State":"SA","LHN":null,"Geographical LHN":null,"Governing Body":"DASSA - NSP Site"},"geometry":{"type":"Point","coordinates":[139.851211,-36.837519]}},{"type":"Feature","properties":{"Name":"NSP Site - Loxton Hospital Complex Inc.","Type":"Drug and Alcohol Services South Australia","Address":"Corner Drabsch Street and McIntosh Street LOXTON SA 5333","Suburb":null,"Postcode":null,"State":"SA","LHN":null,"Geographical LHN":null,"Governing Body":"DASSA - NSP Site"},"geometry":{"type":"Point","coordinates":[140.564565,-34.453316]}},{"type":"Feature","properties":{"Name":"NSP Pharmacy (Cost Involved) - National Pharmacies - Mt Barker","Type":"Drug and Alcohol Services South Australia","Address":"Corner Hutchinson and Morphett Road MOUNT BARKER SA 5251","Suburb":null,"Postcode":null,"State":"SA","LHN":null,"Geographical LHN":null,"Governing Body":"DASSA - NSP Pharmacy (Cost Involved)"},"geometry":{"type":"Point","coordinates":[138.858186,-35.065753]}},{"type":"Feature","properties":{"Name":"NSP Pharmacy (Cost Involved) - National Pharmacies - Marden","Type":"Drug and Alcohol Services South Australia","Address":"Corner Lower Portrush and Payneham Road MARDEN SA 5070","Suburb":null,"Postcode":null,"State":"SA","LHN":null,"Geographical LHN":null,"Governing Body":"DASSA - NSP Pharmacy (Cost Involved)"},"geometry":{"type":"Point","coordinates":[138.638979,-34.896567]}},{"type":"Feature","properties":{"Name":"24-Hour Syringe Vending Machine - 24-Hour Syringe Vending Machine: Port Pirie Regional Health Service","Type":"Drug and Alcohol Services South Australia","Address":"Corner The Terrace and Alexander Street PORT PIRIE SA 5540","Suburb":null,"Postcode":null,"State":"SA","LHN":null,"Geographical LHN":null,"Governing Body":"DASSA - 24-Hour Syringe Vending Machine"},"geometry":{"type":"Point","coordinates":[138.003867,-33.178143]}},{"type":"Feature","properties":{"Name":"NSP Site - Port Pirie Regional Health Service","Type":"Drug and Alcohol Services South Australia","Address":"Corner The Terrace and Alexander Street PORT PIRIE SA 5540","Suburb":null,"Postcode":null,"State":"SA","LHN":null,"Geographical LHN":null,"Governing Body":"DASSA - NSP Site"},"geometry":{"type":"Point","coordinates":[138.003867,-33.178143]}},{"type":"Feature","properties":{"Name":"NSP Pharmacy (Cost Involved) - Priceline Pharmacy Elizabeth","Type":"Drug and Alcohol Services South Australia","Address":"Elizabeth City Centre, Shop 75  50 Elizabeth Way ELIZABETH SA 5112","Suburb":null,"Postcode":null,"State":"SA","LHN":null,"Geographical LHN":null,"Governing Body":"DASSA - NSP Pharmacy (Cost Involved)"},"geometry":{"type":"Point","coordinates":[138.668666,-34.718256]}},{"type":"Feature","properties":{"Name":"NSP Pharmacy (Cost Involved) - National Pharmacies - Golden Grove","Type":"Drug and Alcohol Services South Australia","Address":"Golden Grove Village, Shop 74 The Golden Way GOLDEN GROVE SA 5125","Suburb":null,"Postcode":null,"State":"SA","LHN":null,"Geographical LHN":null,"Governing Body":"DASSA - NSP Pharmacy (Cost Involved)"},"geometry":{"type":"Point","coordinates":[138.693423,-34.790465]}},{"type":"Feature","properties":{"Name":"NSP Site - iREACH Rural Health Inc. (prev. Murray Mallee GP Network)","Type":"Drug and Alcohol Services South Australia","Address":"Level 155 Adelaide Road MURRAY BRIDGE SA 5253","Suburb":null,"Postcode":null,"State":"SA","LHN":null,"Geographical LHN":null,"Governing Body":"DASSA - NSP Site"},"geometry":{"type":"Point","coordinates":[139.253161,-35.128022]}},{"type":"Feature","properties":{"Name":"Extended Product Range NSP Site - Uniting Communities - Adelaide (Extended Product Range)","Type":"Drug and Alcohol Services South Australia","Address":"8 Pitt Street ADELAIDE SA 5000","Suburb":null,"Postcode":null,"State":"SA","LHN":null,"Geographical LHN":null,"Governing Body":"DASSA - Extended Product Range NSP Site"},"geometry":{"type":"Point","coordinates":[138.597424,-34.928107]}},{"type":"Feature","properties":{"Name":"NSP Site - Uniting Communities - Adelaide (Extended Product Range)","Type":"Drug and Alcohol Services South Australia","Address":"8 Pitt Street ADELAIDE SA 5000","Suburb":null,"Postcode":null,"State":"SA","LHN":null,"Geographical LHN":null,"Governing Body":"DASSA - NSP Site"},"geometry":{"type":"Point","coordinates":[138.597424,-34.928107]}},{"type":"Feature","properties":{"Name":"NSP Pharmacy (Cost Involved) - Priceline Pharmacy Adelaide City","Type":"Drug and Alcohol Services South Australia","Address":"LG06 Adelaide Central Plaza, 100 Rundle Mall ADELAIDE SA 5000","Suburb":null,"Postcode":null,"State":"SA","LHN":null,"Geographical LHN":null,"Governing Body":"DASSA - NSP Pharmacy (Cost Involved)"},"geometry":{"type":"Point","coordinates":[138.603362,-34.921572]}},{"type":"Feature","properties":{"Name":"NSP Pharmacy (Cost Involved) - Terry White Chemmart Rundle Place","Type":"Drug and Alcohol Services South Australia","Address":"LG11 77-91 Rundle Mall ADELAIDE SA 5000","Suburb":null,"Postcode":null,"State":"SA","LHN":null,"Geographical LHN":null,"Governing Body":"DASSA - NSP Pharmacy (Cost Involved)"},"geometry":{"type":"Point","coordinates":[138.602731,-34.923431]}},{"type":"Feature","properties":{"Name":"NSP Pharmacy (Cost Involved) - Star Discount Chemist Park Holme","Type":"Drug and Alcohol Services South Australia","Address":"Park Holme Shopping Centre, 319F Oaklands Road PARK HOLME SA 5043","Suburb":null,"Postcode":null,"State":"SA","LHN":null,"Geographical LHN":null,"Governing Body":"DASSA - NSP Pharmacy (Cost Involved)"},"geometry":{"type":"Point","coordinates":[138.556158,-34.994153]}},{"type":"Feature","properties":{"Name":"NSP Site - Mannum District Hospital","Type":"Drug and Alcohol Services South Australia","Address":"Parker Street MANNUM SA 5238","Suburb":null,"Postcode":null,"State":"SA","LHN":null,"Geographical LHN":null,"Governing Body":"DASSA - NSP Site"},"geometry":{"type":"Point","coordinates":[139.307949,-34.916473]}},{"type":"Feature","properties":{"Name":"NSP Pharmacy (Cost Involved) - United Chemists Renmark","Type":"Drug and Alcohol Services South Australia","Address":"Renmark Square, 227 Renmark Avenue RENMARK SA 5341","Suburb":null,"Postcode":null,"State":"SA","LHN":null,"Geographical LHN":null,"Governing Body":"DASSA - NSP Pharmacy (Cost Involved)"},"geometry":{"type":"Point","coordinates":[140.744511,-34.178135]}},{"type":"Feature","properties":{"Name":"NSP Pharmacy (Cost Involved) - Terry White Chemmart Aldinga Beach","Type":"Drug and Alcohol Services South Australia","Address":"Shop 1 1 Main South Road ALDINGA BEACH SA 5173","Suburb":null,"Postcode":null,"State":"SA","LHN":null,"Geographical LHN":null,"Governing Body":"DASSA - NSP Pharmacy (Cost Involved)"},"geometry":{"type":"Point","coordinates":[138.484346,-35.267008]}},{"type":"Feature","properties":{"Name":"NSP Pharmacy (Cost Involved) - Belair Compounding Pharmacy","Type":"Drug and Alcohol Services South Australia","Address":"Shop 1 10 Main Road BELAIR SA 5052","Suburb":null,"Postcode":null,"State":"SA","LHN":null,"Geographical LHN":null,"Governing Body":"DASSA - NSP Pharmacy (Cost Involved)"},"geometry":{"type":"Point","coordinates":[138.622783,-34.998578]}},{"type":"Feature","properties":{"Name":"NSP Pharmacy (Cost Involved) - Star Discount Chemist Hampstead","Type":"Drug and Alcohol Services South Australia","Address":"Shop 1 199-200 Hampstead Road LIGHTSVIEW SA 5085","Suburb":null,"Postcode":null,"State":"SA","LHN":null,"Geographical LHN":null,"Governing Body":"DASSA - NSP Pharmacy (Cost Involved)"},"geometry":{"type":"Point","coordinates":[138.618168,-34.86367]}},{"type":"Feature","properties":{"Name":"NSP Pharmacy (Cost Involved) - Clare Valley Family Pharmacy","Type":"Drug and Alcohol Services South Australia","Address":"Shop 1 24 Main North Road AUBURN SA 5451","Suburb":null,"Postcode":null,"State":"SA","LHN":null,"Geographical LHN":null,"Governing Body":"DASSA - NSP Pharmacy (Cost Involved)"},"geometry":{"type":"Point","coordinates":[138.685776,-34.025946]}},{"type":"Feature","properties":{"Name":"NSP Pharmacy (Cost Involved) - Salisbury Discount Pharmacy","Type":"Drug and Alcohol Services South Australia","Address":"Shop 1 7-9 Gawler Street SALISBURY SA 5108","Suburb":null,"Postcode":null,"State":"SA","LHN":null,"Geographical LHN":null,"Governing Body":"DASSA - NSP Pharmacy (Cost Involved)"},"geometry":{"type":"Point","coordinates":[138.643716,-34.762141]}},{"type":"Feature","properties":{"Name":"NSP Pharmacy (Cost Involved) - Flaxmill Road Pharmacy","Type":"Drug and Alcohol Services South Australia","Address":"Shop 1 Flaxmill Road Shopping Centre, 303 Flaxmill Road CHRISTIE DOWNS SA 5164","Suburb":null,"Postcode":null,"State":"SA","LHN":null,"Geographical LHN":null,"Governing Body":"DASSA - NSP Pharmacy (Cost Involved)"},"geometry":{"type":"Point","coordinates":[138.495176,-35.127998]}},{"type":"Feature","properties":{"Name":"NSP Pharmacy (Cost Involved) - Terry White Chemmart Happy Valley","Type":"Drug and Alcohol Services South Australia","Address":"Shop 1 Happy Valley Shopping Centre, Kenihans Road HAPPY VALLEY SA 5159","Suburb":null,"Postcode":null,"State":"SA","LHN":null,"Geographical LHN":null,"Governing Body":"DASSA - NSP Pharmacy (Cost Involved)"},"geometry":{"type":"Point","coordinates":[138.565515,-35.082207]}},{"type":"Feature","properties":{"Name":"NSP Pharmacy (Cost Involved) - Craigmore North Pharmacy","Type":"Drug and Alcohol Services South Australia","Address":"Shop 1 Springvale  Shopping Centre, Zurich Road CRAIGMORE SA 5114","Suburb":null,"Postcode":null,"State":"SA","LHN":null,"Geographical LHN":null,"Governing Body":"DASSA - NSP Pharmacy (Cost Involved)"},"geometry":{"type":"Point","coordinates":[138.708876,-34.690263]}},{"type":"Feature","properties":{"Name":"NSP Pharmacy (Cost Involved) - Terry White Chemmart Wynn Vale","Type":"Drug and Alcohol Services South Australia","Address":"Shop 12 Sunnybrook Drive WYNN VALE SA 5127","Suburb":null,"Postcode":null,"State":"SA","LHN":null,"Geographical LHN":null,"Governing Body":"DASSA - NSP Pharmacy (Cost Involved)"},"geometry":{"type":"Point","coordinates":[138.687719,-34.799582]}},{"type":"Feature","properties":{"Name":"NSP Pharmacy (Cost Involved) - Terry White Chemmart Mt Barker Village","Type":"Drug and Alcohol Services South Australia","Address":"Shop 12 Victoria Crescent, Mt Barker Village Shopping Centre MOUNT BARKER SA 5251","Suburb":null,"Postcode":null,"State":"SA","LHN":null,"Geographical LHN":null,"Governing Body":"DASSA - NSP Pharmacy (Cost Involved)"},"geometry":{"type":"Point","coordinates":[138.864011,-35.069726]}},{"type":"Feature","properties":{"Name":"NSP Pharmacy (Cost Involved) - Star Discount Chemist Hendon","Type":"Drug and Alcohol Services South Australia","Address":"Shop 10 53-59 Tapleys Hill Road HENDON SA 5014","Suburb":null,"Postcode":null,"State":"SA","LHN":null,"Geographical LHN":null,"Governing Body":"DASSA - NSP Pharmacy (Cost Involved)"},"geometry":{"type":"Point","coordinates":[138.51307,-34.870343]}},{"type":"Feature","properties":{"Name":"NSP Pharmacy (Cost Involved) - Bayside Pharmacy Practice","Type":"Drug and Alcohol Services South Australia","Address":"Shop 10 Bayside Village Shopping Centre, 19-31 Brighton Road GLENELG SA 5045","Suburb":null,"Postcode":null,"State":"SA","LHN":null,"Geographical LHN":null,"Governing Body":"DASSA - NSP Pharmacy (Cost Involved)"},"geometry":{"type":"Point","coordinates":[138.519594,-34.978994]}},{"type":"Feature","properties":{"Name":"NSP Pharmacy (Cost Involved) - Chemist Warehouse Seaford Meadows","Type":"Drug and Alcohol Services South Australia","Address":"Shop 10 Seaford Meadows Shopping Centre SEAFORD SA 5169","Suburb":null,"Postcode":null,"State":"SA","LHN":null,"Geographical LHN":null,"Governing Body":"DASSA - NSP Pharmacy (Cost Involved)"},"geometry":{"type":"Point","coordinates":[138.48335,-35.173129]}},{"type":"Feature","properties":{"Name":"NSP Pharmacy (Cost Involved) - Terry White Chemmart Walkerville","Type":"Drug and Alcohol Services South Australia","Address":"Shop 10104 Walkerville Terrace WALKERVILLE SA 5081","Suburb":null,"Postcode":null,"State":"SA","LHN":null,"Geographical LHN":null,"Governing Body":"DASSA - NSP Pharmacy (Cost Involved)"},"geometry":{"type":"Point","coordinates":[138.617181,-34.895347]}},{"type":"Feature","properties":{"Name":"NSP Pharmacy (Cost Involved) - United Chemists Para Vista","Type":"Drug and Alcohol Services South Australia","Address":"Shop 1011 Para Vista  Shopping Centre, Nelson Road PARA VISTA SA 5093","Suburb":null,"Postcode":null,"State":"SA","LHN":null,"Geographical LHN":null,"Governing Body":"DASSA - NSP Pharmacy (Cost Involved)"},"geometry":{"type":"Point","coordinates":[138.661918,-34.81952]}},{"type":"Feature","properties":{"Name":"NSP Pharmacy (Cost Involved) - National Pharmacies - Modbury","Type":"Drug and Alcohol Services South Australia","Address":"Shop 1011  AND amp; 13 1020 North East Road MODBURY SA 5092","Suburb":null,"Postcode":null,"State":"SA","LHN":null,"Geographical LHN":null,"Governing Body":"DASSA - NSP Pharmacy (Cost Involved)"},"geometry":{"type":"Point","coordinates":[138.692051,-34.829154]}},{"type":"Feature","properties":{"Name":"NSP Pharmacy (Cost Involved) - Star Discount Chemist - Morphett Vale","Type":"Drug and Alcohol Services South Australia","Address":"Shop 10-11 201 Main South Road MORPHETT VALE SA 5162","Suburb":null,"Postcode":null,"State":"SA","LHN":null,"Geographical LHN":null,"Governing Body":"DASSA - NSP Pharmacy (Cost Involved)"},"geometry":{"type":"Point","coordinates":[138.521868,-35.119032]}},{"type":"Feature","properties":{"Name":"NSP Pharmacy (Cost Involved) - United Chemists Mini Warehouse Marion","Type":"Drug and Alcohol Services South Australia","Address":"Shop 1070 Westfield Marion Shopping Town, 297 Diagonal Road OAKLANDS PARK SA 5046","Suburb":null,"Postcode":null,"State":"SA","LHN":null,"Geographical LHN":null,"Governing Body":"DASSA - NSP Pharmacy (Cost Involved)"},"geometry":{"type":"Point","coordinates":[138.54641,-35.015795]}},{"type":"Feature","properties":{"Name":"NSP Pharmacy (Cost Involved) - Priceline Pharmacy Greenacres","Type":"Drug and Alcohol Services South Australia","Address":"Shop 11132 Muller Rd, Greenacres SA 5086 GREENACRES SA 5086","Suburb":null,"Postcode":null,"State":"SA","LHN":null,"Geographical LHN":null,"Governing Body":"DASSA - NSP Pharmacy (Cost Involved)"},"geometry":{"type":"Point","coordinates":[138.62798,-34.871641]}},{"type":"Feature","properties":{"Name":"NSP Pharmacy (Cost Involved) - The Village Pharmacy","Type":"Drug and Alcohol Services South Australia","Address":"Shop 111 Burnside Village, 447 Portrush Road GLENSIDE SA 5065","Suburb":null,"Postcode":null,"State":"SA","LHN":null,"Geographical LHN":null,"Governing Body":"DASSA - NSP Pharmacy (Cost Involved)"},"geometry":{"type":"Point","coordinates":[138.64144,-34.941067]}},{"type":"Feature","properties":{"Name":"NSP Pharmacy (Cost Involved) - Star Discount Chemist - Firle","Type":"Drug and Alcohol Services South Australia","Address":"Shop 11-12 Firle Plaza, 171 Glynburn Road FIRLE SA 5070","Suburb":null,"Postcode":null,"State":"SA","LHN":null,"Geographical LHN":null,"Governing Body":"DASSA - NSP Pharmacy (Cost Involved)"},"geometry":{"type":"Point","coordinates":[138.656476,-34.904997]}},{"type":"Feature","properties":{"Name":"NSP Pharmacy (Cost Involved) - Terry White Chemmart Westfield Marion","Type":"Drug and Alcohol Services South Australia","Address":"Shop 1137-1138 Westfield Shoppingtown, 297 Diagonal Road OAKLANDS PARK SA 5046","Suburb":null,"Postcode":null,"State":"SA","LHN":null,"Geographical LHN":null,"Governing Body":"DASSA - NSP Pharmacy (Cost Involved)"},"geometry":{"type":"Point","coordinates":[138.54641,-35.015795]}},{"type":"Feature","properties":{"Name":"NSP Pharmacy (Cost Involved) - Terry White Chemmart Elizabeth South","Type":"Drug and Alcohol Services South Australia","Address":"Shop 12 100 Phillip Highway ELIZABETH SOUTH SA 5112","Suburb":null,"Postcode":null,"State":"SA","LHN":null,"Geographical LHN":null,"Governing Body":"DASSA - NSP Pharmacy (Cost Involved)"},"geometry":{"type":"Point","coordinates":[138.661314,-34.732297]}},{"type":"Feature","properties":{"Name":"NSP Pharmacy (Cost Involved) - Priceline Pharmacy Goolwa","Type":"Drug and Alcohol Services South Australia","Address":"Shop 1-2 20 Cadell Street GOOLWA SA 5214","Suburb":null,"Postcode":null,"State":"SA","LHN":null,"Geographical LHN":null,"Governing Body":"DASSA - NSP Pharmacy (Cost Involved)"},"geometry":{"type":"Point","coordinates":[138.782824,-35.501585]}},{"type":"Feature","properties":{"Name":"NSP Pharmacy (Cost Involved) - National Pharmacies - North Adelaide","Type":"Drug and Alcohol Services South Australia","Address":"Shop 1-2 54-60 O'Connell Street NORTH ADELAIDE SA 5006","Suburb":null,"Postcode":null,"State":"SA","LHN":null,"Geographical LHN":null,"Governing Body":"DASSA - NSP Pharmacy (Cost Involved)"},"geometry":{"type":"Point","coordinates":[138.59673,-34.907396]}},{"type":"Feature","properties":{"Name":"NSP Pharmacy (Cost Involved) - Bridgewater Pharmacy","Type":"Drug and Alcohol Services South Australia","Address":"Shop 1-2 Coles Complex, Carey Gully Road BRIDGEWATER SA 5155","Suburb":null,"Postcode":null,"State":"SA","LHN":null,"Geographical LHN":null,"Governing Body":"DASSA - NSP Pharmacy (Cost Involved)"},"geometry":{"type":"Point","coordinates":[138.764694,-34.992931]}},{"type":"Feature","properties":{"Name":"NSP Pharmacy (Cost Involved) - Terry White Chemmart Hilton","Type":"Drug and Alcohol Services South Australia","Address":"Shop 12 Hilton Plaza Shopping Centre, 160 Sir Donald Bradman Drive HILTON SA 5033","Suburb":null,"Postcode":null,"State":"SA","LHN":null,"Geographical LHN":null,"Governing Body":"DASSA - NSP Pharmacy (Cost Involved)"},"geometry":{"type":"Point","coordinates":[138.561604,-34.93143]}},{"type":"Feature","properties":{"Name":"NSP Pharmacy (Cost Involved) - Priceline Pharmacy Norwood","Type":"Drug and Alcohol Services South Australia","Address":"Shop 12 Norwood Place Shopping Centre, 161-169 The Parade NORWOOD SA 5067","Suburb":null,"Postcode":null,"State":"SA","LHN":null,"Geographical LHN":null,"Governing Body":"DASSA - NSP Pharmacy (Cost Involved)"},"geometry":{"type":"Point","coordinates":[138.635599,-34.920643]}},{"type":"Feature","properties":{"Name":"NSP Pharmacy (Cost Involved) - Paralowie Village Discount Pharmacy","Type":"Drug and Alcohol Services South Australia","Address":"Shop 123-7 Liberator Drive PARALOWIE SA 5108","Suburb":null,"Postcode":null,"State":"SA","LHN":null,"Geographical LHN":null,"Governing Body":"DASSA - NSP Pharmacy (Cost Involved)"},"geometry":{"type":"Point","coordinates":[138.596058,-34.75868]}},{"type":"Feature","properties":{"Name":"NSP Pharmacy (Cost Involved) - Dang Pharmacy - Parafield Gardens","Type":"Drug and Alcohol Services South Australia","Address":"Shop 12-14 Martins Plaza Shopping Centre, 225-237 Martins Road PARAFIELD GARDENS SA 5107","Suburb":null,"Postcode":null,"State":"SA","LHN":null,"Geographical LHN":null,"Governing Body":"DASSA - NSP Pharmacy (Cost Involved)"},"geometry":{"type":"Point","coordinates":[138.608046,-34.780202]}},{"type":"Feature","properties":{"Name":"NSP Pharmacy (Cost Involved) - National Pharmacies - Aldinga Beach","Type":"Drug and Alcohol Services South Australia","Address":"Shop 12A Aldinga Central Shopping Centre, Corner Pridham Boulevard and Aldinga Beach Road ALDINGA BEACH SA 5173","Suburb":null,"Postcode":null,"State":"SA","LHN":null,"Geographical LHN":null,"Governing Body":"DASSA - NSP Pharmacy (Cost Involved)"},"geometry":{"type":"Point","coordinates":[138.459896,-35.277395]}},{"type":"Feature","properties":{"Name":"NSP Pharmacy (Cost Involved) - Star Discount Chemist Salisbury East","Type":"Drug and Alcohol Services South Australia","Address":"Shop 13-15 Manor Farm Shopping Centre, 56-63 Northbri Avenue SALISBURY EAST SA 5109","Suburb":null,"Postcode":null,"State":"SA","LHN":null,"Geographical LHN":null,"Governing Body":"DASSA - NSP Pharmacy (Cost Involved)"},"geometry":{"type":"Point","coordinates":[138.65494,-34.789681]}},{"type":"Feature","properties":{"Name":"NSP Pharmacy (Cost Involved) - Croydon FamilyCare Pharmacy","Type":"Drug and Alcohol Services South Australia","Address":"Shop 14 113-131 Days Road CROYDON PARK SA 5008","Suburb":null,"Postcode":null,"State":"SA","LHN":null,"Geographical LHN":null,"Governing Body":"DASSA - NSP Pharmacy (Cost Involved)"},"geometry":{"type":"Point","coordinates":[138.566492,-34.87581]}},{"type":"Feature","properties":{"Name":"NSP Pharmacy (Cost Involved) - Terry White Chemmart Old Reynella","Type":"Drug and Alcohol Services South Australia","Address":"Shop 14 211-225 Old South Road OLD REYNELLA SA 5161","Suburb":null,"Postcode":null,"State":"SA","LHN":null,"Geographical LHN":null,"Governing Body":"DASSA - NSP Pharmacy (Cost Involved)"},"geometry":{"type":"Point","coordinates":[138.540886,-35.089213]}},{"type":"Feature","properties":{"Name":"NSP Pharmacy (Cost Involved) - Star Discount Chemist - Welland","Type":"Drug and Alcohol Services South Australia","Address":"Shop 14-15 Welland Plaza, 522 Port Road WELLAND SA 5007","Suburb":null,"Postcode":null,"State":"SA","LHN":null,"Geographical LHN":null,"Governing Body":"DASSA - NSP Pharmacy (Cost Involved)"},"geometry":{"type":"Point","coordinates":[138.558115,-34.896299]}},{"type":"Feature","properties":{"Name":"NSP Pharmacy (Cost Involved) - United Chemists Paralowie","Type":"Drug and Alcohol Services South Australia","Address":"Shop 15 Paralowie Shopping Plaza, 337 Whites Road PARALOWIE SA 5108","Suburb":null,"Postcode":null,"State":"SA","LHN":null,"Geographical LHN":null,"Governing Body":"DASSA - NSP Pharmacy (Cost Involved)"},"geometry":{"type":"Point","coordinates":[138.607238,-34.764893]}},{"type":"Feature","properties":{"Name":"NSP Pharmacy (Cost Involved) - Priceline Pharmacy North Haven","Type":"Drug and Alcohol Services South Australia","Address":"Shop 16 North Haven Shopping Centre, 46-56 Osborne Road NORTH HAVEN SA 5018","Suburb":null,"Postcode":null,"State":"SA","LHN":null,"Geographical LHN":null,"Governing Body":"DASSA - NSP Pharmacy (Cost Involved)"},"geometry":{"type":"Point","coordinates":[138.498501,-34.793134]}},{"type":"Feature","properties":{"Name":"NSP Pharmacy (Cost Involved) - Priceline Pharmacy The Avenues Pharmacy","Type":"Drug and Alcohol Services South Australia","Address":"Shop 16-18 Avenues Shopping Centre, Payneham Road STEPNEY SA 5069","Suburb":null,"Postcode":null,"State":"SA","LHN":null,"Geographical LHN":null,"Governing Body":"DASSA - NSP Pharmacy (Cost Involved)"},"geometry":{"type":"Point","coordinates":[138.629114,-34.910117]}},{"type":"Feature","properties":{"Name":"NSP Pharmacy (Cost Involved) - Surrey Downs Discount Drug Store","Type":"Drug and Alcohol Services South Australia","Address":"Shop 17 501 Golden Grove Road SURREY DOWNS SA 5126","Suburb":null,"Postcode":null,"State":"SA","LHN":null,"Geographical LHN":null,"Governing Body":"DASSA - NSP Pharmacy (Cost Involved)"},"geometry":{"type":"Point","coordinates":[138.701873,-34.805368]}},{"type":"Feature","properties":{"Name":"NSP Pharmacy (Cost Involved) - Terry White Chemmart Colonnades","Type":"Drug and Alcohol Services South Australia","Address":"Shop 179 Colonnades Shopping Centre NOARLUNGA CENTRE SA 5168","Suburb":null,"Postcode":null,"State":"SA","LHN":null,"Geographical LHN":null,"Governing Body":"DASSA - NSP Pharmacy (Cost Involved)"},"geometry":{"type":"Point","coordinates":[138.496519,-35.141469]}},{"type":"Feature","properties":{"Name":"NSP Pharmacy (Cost Involved) - Gilles Plains Terry White Chemmart","Type":"Drug and Alcohol Services South Australia","Address":"Shop 18 575 North East Road GILLES PLAINS SA 5086","Suburb":null,"Postcode":null,"State":"SA","LHN":null,"Geographical LHN":null,"Governing Body":"DASSA - NSP Pharmacy (Cost Involved)"},"geometry":{"type":"Point","coordinates":[138.655112,-34.855728]}},{"type":"Feature","properties":{"Name":"NSP Pharmacy (Cost Involved) - Terry White Chemmart St Agnes","Type":"Drug and Alcohol Services South Australia","Address":"Shop 18-19 St Agnes Shopping Centre, 1244 North East Road ST AGNES SA 5097","Suburb":null,"Postcode":null,"State":"SA","LHN":null,"Geographical LHN":null,"Governing Body":"DASSA - NSP Pharmacy (Cost Involved)"},"geometry":{"type":"Point","coordinates":[138.716667,-34.821667]}},{"type":"Feature","properties":{"Name":"NSP Pharmacy (Cost Involved) - Modbury Triangle Pharmacy","Type":"Drug and Alcohol Services South Australia","Address":"Shop 18-20A Modbury Triangle Shopping Centre, 954 North East Road MODBURY SA 5092","Suburb":null,"Postcode":null,"State":"SA","LHN":null,"Geographical LHN":null,"Governing Body":"DASSA - NSP Pharmacy (Cost Involved)"},"geometry":{"type":"Point","coordinates":[138.685153,-34.832763]}},{"type":"Feature","properties":{"Name":"NSP Pharmacy (Cost Involved) - Gambier City Pharmacy","Type":"Drug and Alcohol Services South Australia","Address":"Shop 18-21 Lakes Village, 21 Helen Street MOUNT GAMBIER SA 5290","Suburb":null,"Postcode":null,"State":"SA","LHN":null,"Geographical LHN":null,"Governing Body":"DASSA - NSP Pharmacy (Cost Involved)"},"geometry":{"type":"Point","coordinates":[140.776147,-37.830089]}},{"type":"Feature","properties":{"Name":"NSP Pharmacy (Cost Involved) - Terry White Chemmart Port Pirie","Type":"Drug and Alcohol Services South Australia","Address":"Shop 19 Centro Shopping Centre, 91-95 Grey Terrace PORT PIRIE SA 5540","Suburb":null,"Postcode":null,"State":"SA","LHN":null,"Geographical LHN":null,"Governing Body":"DASSA - NSP Pharmacy (Cost Involved)"},"geometry":{"type":"Point","coordinates":[138.007053,-33.190831]}},{"type":"Feature","properties":{"Name":"NSP Pharmacy (Cost Involved) - The Cove Discount Pharmacy","Type":"Drug and Alcohol Services South Australia","Address":"Shop 2 121 The Cove Road HALLETT COVE SA 5158","Suburb":null,"Postcode":null,"State":"SA","LHN":null,"Geographical LHN":null,"Governing Body":"DASSA - NSP Pharmacy (Cost Involved)"},"geometry":{"type":"Point","coordinates":[138.505173,-35.066073]}},{"type":"Feature","properties":{"Name":"NSP Pharmacy (Cost Involved) - National Pharmacies - Ingle Farm","Type":"Drug and Alcohol Services South Australia","Address":"Shop 2 15 Roopena Street INGLE FARM SA 5098","Suburb":null,"Postcode":null,"State":"SA","LHN":null,"Geographical LHN":null,"Governing Body":"DASSA - NSP Pharmacy (Cost Involved)"},"geometry":{"type":"Point","coordinates":[138.650526,-34.83016]}},{"type":"Feature","properties":{"Name":"NSP Pharmacy (Cost Involved) - Terry White Chemmart North Plympton","Type":"Drug and Alcohol Services South Australia","Address":"Shop 2 267-269 Marion Road MARLESTON SA 5037","Suburb":null,"Postcode":null,"State":"SA","LHN":null,"Geographical LHN":null,"Governing Body":"DASSA - NSP Pharmacy (Cost Involved)"},"geometry":{"type":"Point","coordinates":[138.553953,-34.948697]}},{"type":"Feature","properties":{"Name":"NSP Pharmacy (Cost Involved) - Terry White Chemmart Fulham","Type":"Drug and Alcohol Services South Australia","Address":"Shop 2 520 Henley Beach Road FULHAM SA 5024","Suburb":null,"Postcode":null,"State":"SA","LHN":null,"Geographical LHN":null,"Governing Body":"DASSA - NSP Pharmacy (Cost Involved)"},"geometry":{"type":"Point","coordinates":[138.517277,-34.926233]}},{"type":"Feature","properties":{"Name":"NSP Pharmacy (Cost Involved) - National Pharmacies - Port Lincoln","Type":"Drug and Alcohol Services South Australia","Address":"Shop 2 90-104 Liverpool Road PORT LINCOLN SA 5606","Suburb":null,"Postcode":null,"State":"SA","LHN":null,"Geographical LHN":null,"Governing Body":"DASSA - NSP Pharmacy (Cost Involved)"},"geometry":{"type":"Point","coordinates":[135.863798,-34.724697]}},{"type":"Feature","properties":{"Name":"NSP Pharmacy (Cost Involved) - Greenwith Pharmacy","Type":"Drug and Alcohol Services South Australia","Address":"Shop 2 Highland Village Shopping Centre, 222 Target Hill Road GREENWITH SA 5125","Suburb":null,"Postcode":null,"State":"SA","LHN":null,"Geographical LHN":null,"Governing Body":"DASSA - NSP Pharmacy (Cost Involved)"},"geometry":{"type":"Point","coordinates":[138.706494,-34.7706]}},{"type":"Feature","properties":{"Name":"NSP Pharmacy (Cost Involved) - Chemist King Springbank","Type":"Drug and Alcohol Services South Australia","Address":"Shop 2 Springbank Plaza Shopping Centre, 382-396 Waterloo Corner Road SPRINGBANK SA 5110","Suburb":null,"Postcode":null,"State":"SA","LHN":null,"Geographical LHN":null,"Governing Body":"DASSA - NSP Pharmacy (Cost Involved)"},"geometry":{"type":"Point","coordinates":[138.605095,-34.740898]}},{"type":"Feature","properties":{"Name":"NSP Pharmacy (Cost Involved) - Haddad Pharmacy Group Unley","Type":"Drug and Alcohol Services South Australia","Address":"Shop 2 Unley Medical Centre, 160 Unley Road UNLEY SA 5061","Suburb":null,"Postcode":null,"State":"SA","LHN":null,"Geographical LHN":null,"Governing Body":"DASSA - NSP Pharmacy (Cost Involved)"},"geometry":{"type":"Point","coordinates":[138.60628,-34.948391]}},{"type":"Feature","properties":{"Name":"NSP Pharmacy (Cost Involved) - Marden Amcal Pharmacy","Type":"Drug and Alcohol Services South Australia","Address":"Shop 20 Marden Shopping Centre, 9-21 Lower Portrush Road MARDEN SA 5070","Suburb":null,"Postcode":null,"State":"SA","LHN":null,"Geographical LHN":null,"Governing Body":"DASSA - NSP Pharmacy (Cost Involved)"},"geometry":{"type":"Point","coordinates":[138.638702,-34.895222]}},{"type":"Feature","properties":{"Name":"NSP Pharmacy (Cost Involved) - Priceline Pharmacy Ingle Farm","Type":"Drug and Alcohol Services South Australia","Address":"Shop 2009 Ingle Farm Shopping Centre, Montague Road INGLE FARM SA 5098","Suburb":null,"Postcode":null,"State":"SA","LHN":null,"Geographical LHN":null,"Governing Body":"DASSA - NSP Pharmacy (Cost Involved)"},"geometry":{"type":"Point","coordinates":[138.643776,-34.826619]}},{"type":"Feature","properties":{"Name":"NSP Pharmacy (Cost Involved) - Priceline Pharmacy Marion","Type":"Drug and Alcohol Services South Australia","Address":"Shop 2057 Westfield Marion, 297 Diagonal Road OAKLANDS PARK SA 5046","Suburb":null,"Postcode":null,"State":"SA","LHN":null,"Geographical LHN":null,"Governing Body":"DASSA - NSP Pharmacy (Cost Involved)"},"geometry":{"type":"Point","coordinates":[138.54641,-35.015795]}},{"type":"Feature","properties":{"Name":"NSP Pharmacy (Cost Involved) - Terry White Chemmart Mt Barker Central","Type":"Drug and Alcohol Services South Australia","Address":"Shop 21-22 Mt Barker Central Shopping Centre, McLaren Street MOUNT BARKER SA 5251","Suburb":null,"Postcode":null,"State":"SA","LHN":null,"Geographical LHN":null,"Governing Body":"DASSA - NSP Pharmacy (Cost Involved)"},"geometry":{"type":"Point","coordinates":[138.859886,-35.064655]}},{"type":"Feature","properties":{"Name":"NSP Pharmacy (Cost Involved) - Churchill Centre Pharmacy","Type":"Drug and Alcohol Services South Australia","Address":"Shop 22-24 Churchill Centre KILBURN SA 5084","Suburb":null,"Postcode":null,"State":"SA","LHN":null,"Geographical LHN":null,"Governing Body":"DASSA - NSP Pharmacy (Cost Involved)"},"geometry":{"type":"Point","coordinates":[138.585504,-34.895765]}},{"type":"Feature","properties":{"Name":"NSP Pharmacy (Cost Involved) - Chemist Warehouse Elizabeth","Type":"Drug and Alcohol Services South Australia","Address":"Shop 25 Elizabeth City Centre, 50 Elizabeth Way ELIZABETH SA 5112","Suburb":null,"Postcode":null,"State":"SA","LHN":null,"Geographical LHN":null,"Governing Body":"DASSA - NSP Pharmacy (Cost Involved)"},"geometry":{"type":"Point","coordinates":[138.668666,-34.718256]}},{"type":"Feature","properties":{"Name":"NSP Pharmacy (Cost Involved) - Priceline Pharmacy Mitcham","Type":"Drug and Alcohol Services South Australia","Address":"Shop 29 Mitcham Square, 119 Belair Road TORRENS PARK SA 5062","Suburb":null,"Postcode":null,"State":"SA","LHN":null,"Geographical LHN":null,"Governing Body":"DASSA - NSP Pharmacy (Cost Involved)"},"geometry":{"type":"Point","coordinates":[138.610388,-34.97532]}},{"type":"Feature","properties":{"Name":"NSP Pharmacy (Cost Involved) - Hewett Pharmacy","Type":"Drug and Alcohol Services South Australia","Address":"Shop 3 1 Kingfisher Drive HEWETT SA 5118","Suburb":null,"Postcode":null,"State":"SA","LHN":null,"Geographical LHN":null,"Governing Body":"DASSA - NSP Pharmacy (Cost Involved)"},"geometry":{"type":"Point","coordinates":[138.747801,-34.578901]}},{"type":"Feature","properties":{"Name":"NSP Pharmacy (Cost Involved) - Star Discount Chemist Mt Gambier","Type":"Drug and Alcohol Services South Australia","Address":"Shop 3 145 Commercial Street East MOUNT GAMBIER SA 5290","Suburb":null,"Postcode":null,"State":"SA","LHN":null,"Geographical LHN":null,"Governing Body":"DASSA - NSP Pharmacy (Cost Involved)"},"geometry":{"type":"Point","coordinates":[140.790466,-37.830908]}},{"type":"Feature","properties":{"Name":"NSP Pharmacy (Cost Involved) - Chem-Health Pharmacy Brahma Lodge","Type":"Drug and Alcohol Services South Australia","Address":"Shop 3 82 Dorothy Street BRAHMA LODGE SA 5109","Suburb":null,"Postcode":null,"State":"SA","LHN":null,"Geographical LHN":null,"Governing Body":"DASSA - NSP Pharmacy (Cost Involved)"},"geometry":{"type":"Point","coordinates":[138.658307,-34.773346]}},{"type":"Feature","properties":{"Name":"NSP Pharmacy (Cost Involved) - Glen Street Pharmacy Millicent","Type":"Drug and Alcohol Services South Australia","Address":"Shop 3 Corner Davenport Street and Glen Street MILLICENT SA 5280","Suburb":null,"Postcode":null,"State":"SA","LHN":null,"Geographical LHN":null,"Governing Body":"DASSA - NSP Pharmacy (Cost Involved)"},"geometry":{"type":"Point","coordinates":[140.353302,-37.595875]}},{"type":"Feature","properties":{"Name":"NSP Pharmacy (Cost Involved) - Chemist Warehouse Modbury","Type":"Drug and Alcohol Services South Australia","Address":"Shop 3 Pelican Plaza, 1009-1011 North East Road RIDGEHAVEN SA 5097","Suburb":null,"Postcode":null,"State":"SA","LHN":null,"Geographical LHN":null,"Governing Body":"DASSA - NSP Pharmacy (Cost Involved)"},"geometry":{"type":"Point","coordinates":[138.694011,-34.82652]}},{"type":"Feature","properties":{"Name":"NSP Pharmacy (Cost Involved) - Healthsave Hallett Cove Pharmacy","Type":"Drug and Alcohol Services South Australia","Address":"Shop 3, Unit 8, 1 Zwerner Drive HALLETT COVE SA 5158","Suburb":null,"Postcode":null,"State":"SA","LHN":null,"Geographical LHN":null,"Governing Body":"DASSA - NSP Pharmacy (Cost Involved)"},"geometry":{"type":"Point","coordinates":[138.51601,-35.076915]}},{"type":"Feature","properties":{"Name":"NSP Pharmacy (Cost Involved) - Discount Chemist Outlet Torrensville","Type":"Drug and Alcohol Services South Australia","Address":"Shop 33 Brickworks Market Place, 2 Ashwin Parade, Corner of South Road TORRENSVILLE SA 5031","Suburb":null,"Postcode":null,"State":"SA","LHN":null,"Geographical LHN":null,"Governing Body":"DASSA - NSP Pharmacy (Cost Involved)"},"geometry":{"type":"Point","coordinates":[138.564067,-34.913797]}},{"type":"Feature","properties":{"Name":"NSP Pharmacy (Cost Involved) - Terry White Chemmart Henley Square","Type":"Drug and Alcohol Services South Australia","Address":"Shop 33 Henley Square  Shopping Centre, 330-338 Seaview Road HENLEY BEACH SA 5022","Suburb":null,"Postcode":null,"State":"SA","LHN":null,"Geographical LHN":null,"Governing Body":"DASSA - NSP Pharmacy (Cost Involved)"},"geometry":{"type":"Point","coordinates":[138.494391,-34.919339]}},{"type":"Feature","properties":{"Name":"NSP Pharmacy (Cost Involved) - Priceline Pharmacy Tea Tree Plaza","Type":"Drug and Alcohol Services South Australia","Address":"Shop 33 Lower Level Tea Tree Plaza  Shopping Centre, 976 North East Road MODBURY SA 5092","Suburb":null,"Postcode":null,"State":"SA","LHN":null,"Geographical LHN":null,"Governing Body":"DASSA - NSP Pharmacy (Cost Involved)"},"geometry":{"type":"Point","coordinates":[138.690133,-34.830718]}},{"type":"Feature","properties":{"Name":"NSP Pharmacy (Cost Involved) - Priceline Pharmacy Marketplace Mount Gambier","Type":"Drug and Alcohol Services South Australia","Address":"Shop 33 Mount Gambier Marketplace Shopping Centre, 182 Penola Road MOUNT GAMBIER SA 5290","Suburb":null,"Postcode":null,"State":"SA","LHN":null,"Geographical LHN":null,"Governing Body":"DASSA - NSP Pharmacy (Cost Involved)"},"geometry":{"type":"Point","coordinates":[140.794202,-37.806789]}},{"type":"Feature","properties":{"Name":"NSP Pharmacy (Cost Involved) - Terry White Chemmart Mawson Central","Type":"Drug and Alcohol Services South Australia","Address":"Shop 3-5 Mawson Central, 9-15 Main Street MAWSON LAKES SA 5095","Suburb":null,"Postcode":null,"State":"SA","LHN":null,"Geographical LHN":null,"Governing Body":"DASSA - NSP Pharmacy (Cost Involved)"},"geometry":{"type":"Point","coordinates":[138.616457,-34.809773]}},{"type":"Feature","properties":{"Name":"NSP Pharmacy (Cost Involved) - Priceline Pharmacy Firle","Type":"Drug and Alcohol Services South Australia","Address":"Shop 4  151 Glynburn Road FIRLE SA 5070","Suburb":null,"Postcode":null,"State":"SA","LHN":null,"Geographical LHN":null,"Governing Body":"DASSA - NSP Pharmacy (Cost Involved)"},"geometry":{"type":"Point","coordinates":[138.657068,-34.901205]}},{"type":"Feature","properties":{"Name":"NSP Pharmacy (Cost Involved) - Terry White Chemmart Parafield Plaza","Type":"Drug and Alcohol Services South Australia","Address":"Shop 4  Parafield Plaza, 482 Salisbury Highway PARAFIELD GARDENS SA 5107","Suburb":null,"Postcode":null,"State":"SA","LHN":null,"Geographical LHN":null,"Governing Body":"DASSA - NSP Pharmacy (Cost Involved)"},"geometry":{"type":"Point","coordinates":[138.617136,-34.791304]}},{"type":"Feature","properties":{"Name":"NSP Pharmacy (Cost Involved) - Nairne Pharmacy","Type":"Drug and Alcohol Services South Australia","Address":"Shop 4  121 Old Princes Hwy NAIRNE SA 5252","Suburb":null,"Postcode":null,"State":"SA","LHN":null,"Geographical LHN":null,"Governing Body":"DASSA - NSP Pharmacy (Cost Involved)"},"geometry":{"type":"Point","coordinates":[138.918266,-35.038003]}},{"type":"Feature","properties":{"Name":"NSP Pharmacy (Cost Involved) - Terry White Chemmart O'Sullivan Beach","Type":"Drug and Alcohol Services South Australia","Address":"Shop 4 100 Gulfview Road CHRISTIES BEACH SA 5165","Suburb":null,"Postcode":null,"State":"SA","LHN":null,"Geographical LHN":null,"Governing Body":"DASSA - NSP Pharmacy (Cost Involved)"},"geometry":{"type":"Point","coordinates":[138.48188,-35.131067]}},{"type":"Feature","properties":{"Name":"NSP Pharmacy (Cost Involved) - Healthsave Elizabeth Vale","Type":"Drug and Alcohol Services South Australia","Address":"Shop 4 44 John Rice Avenue ELIZABETH VALE SA 5112","Suburb":null,"Postcode":null,"State":"SA","LHN":null,"Geographical LHN":null,"Governing Body":"DASSA - NSP Pharmacy (Cost Involved)"},"geometry":{"type":"Point","coordinates":[138.668081,-34.74763]}},{"type":"Feature","properties":{"Name":"NSP Pharmacy (Cost Involved) - Gawler East Pharmacy","Type":"Drug and Alcohol Services South Australia","Address":"Shop 4 49-51 Cheek Avenue GAWLER EAST SA 5118","Suburb":null,"Postcode":null,"State":"SA","LHN":null,"Geographical LHN":null,"Governing Body":"DASSA - NSP Pharmacy (Cost Involved)"},"geometry":{"type":"Point","coordinates":[138.762951,-34.598644]}},{"type":"Feature","properties":{"Name":"NSP Pharmacy (Cost Involved) - Terry White Chemmart Findon","Type":"Drug and Alcohol Services South Australia","Address":"Shop 4 Findon Plaza, 186-200 Findon Road FINDON SA 5023","Suburb":null,"Postcode":null,"State":"SA","LHN":null,"Geographical LHN":null,"Governing Body":"DASSA - NSP Pharmacy (Cost Involved)"},"geometry":{"type":"Point","coordinates":[138.531271,-34.892091]}},{"type":"Feature","properties":{"Name":"NSP Pharmacy (Cost Involved) - Terry White Chemmart Kurralta Park","Type":"Drug and Alcohol Services South Australia","Address":"Shop 4 Kurralta Park Plaza, 153 Anzac Highway KURRALTA PARK SA 5037","Suburb":null,"Postcode":null,"State":"SA","LHN":null,"Geographical LHN":null,"Governing Body":"DASSA - NSP Pharmacy (Cost Involved)"},"geometry":{"type":"Point","coordinates":[138.565475,-34.956001]}},{"type":"Feature","properties":{"Name":"NSP Pharmacy (Cost Involved) - Star Discount Chemist Morphett Vale Southbound","Type":"Drug and Alcohol Services South Australia","Address":"Shop 4 Morphett Vale Village  Shopping Centre, 146-162 Main South Road MORPHETT VALE SA 5162","Suburb":null,"Postcode":null,"State":"SA","LHN":null,"Geographical LHN":null,"Governing Body":"DASSA - NSP Pharmacy (Cost Involved)"},"geometry":{"type":"Point","coordinates":[138.524214,-35.123173]}},{"type":"Feature","properties":{"Name":"NSP Pharmacy (Cost Involved) - Chemist King Mt Gambier","Type":"Drug and Alcohol Services South Australia","Address":"Shop 4, 170-174 Jubilee Highway West MOUNT GAMBIER SA 5290","Suburb":null,"Postcode":null,"State":"SA","LHN":null,"Geographical LHN":null,"Governing Body":"DASSA - NSP Pharmacy (Cost Involved)"},"geometry":{"type":"Point","coordinates":[140.761819,-37.816277]}},{"type":"Feature","properties":{"Name":"NSP Pharmacy (Cost Involved) - Mt Compass Pharmacy","Type":"Drug and Alcohol Services South Australia","Address":"Shop 4, 30-34 Victor Harbor Road MOUNT COMPASS SA 5210","Suburb":null,"Postcode":null,"State":"SA","LHN":null,"Geographical LHN":null,"Governing Body":"DASSA - NSP Pharmacy (Cost Involved)"},"geometry":{"type":"Point","coordinates":[138.621614,-35.349098]}},{"type":"Feature","properties":{"Name":"NSP Pharmacy (Cost Involved) - Murray Bridge Amcal Pharmacy","Type":"Drug and Alcohol Services South Australia","Address":"Shop 42, 8-10 Riverview Road MURRAY BRIDGE SA 5253","Suburb":null,"Postcode":null,"State":"SA","LHN":null,"Geographical LHN":null,"Governing Body":"DASSA - NSP Pharmacy (Cost Involved)"},"geometry":{"type":"Point","coordinates":[139.273696,-35.120051]}},{"type":"Feature","properties":{"Name":"NSP Pharmacy (Cost Involved) - Value Plus Discount Pharmacy Old Reynella","Type":"Drug and Alcohol Services South Australia","Address":"Shop 4-5 Old Reynella Village Shopping Centre, 165-181 Old South Road OLD REYNELLA SA 5162","Suburb":null,"Postcode":null,"State":"SA","LHN":null,"Geographical LHN":null,"Governing Body":"DASSA - NSP Pharmacy (Cost Involved)"},"geometry":{"type":"Point","coordinates":[138.539319,-35.093267]}},{"type":"Feature","properties":{"Name":"NSP Pharmacy (Cost Involved) - Better Health Pharmacy West Lakes","Type":"Drug and Alcohol Services South Australia","Address":"Shop 45 West Lakes Mall, 111 West Lakes Boulevard WEST LAKES SA 5021","Suburb":null,"Postcode":null,"State":"SA","LHN":null,"Geographical LHN":null,"Governing Body":"DASSA - NSP Pharmacy (Cost Involved)"},"geometry":{"type":"Point","coordinates":[138.490842,-34.880222]}},{"type":"Feature","properties":{"Name":"NSP Pharmacy (Cost Involved) - Terry White Chemmart Westland","Type":"Drug and Alcohol Services South Australia","Address":"Shop 45 Westland  Shopping Centre, Nicholson Avenue WHYALLA NORRIE SA 5608","Suburb":null,"Postcode":null,"State":"SA","LHN":null,"Geographical LHN":null,"Governing Body":"DASSA - NSP Pharmacy (Cost Involved)"},"geometry":{"type":"Point","coordinates":[137.533066,-33.027743]}},{"type":"Feature","properties":{"Name":"NSP Pharmacy (Cost Involved) - Blooms The Chemist Castle Plaza","Type":"Drug and Alcohol Services South Australia","Address":"Shop 4-7 Castle Plaza Shopping Centre EDWARDSTOWN SA 5039","Suburb":null,"Postcode":null,"State":"SA","LHN":null,"Geographical LHN":null,"Governing Body":"DASSA - NSP Pharmacy (Cost Involved)"},"geometry":{"type":"Point","coordinates":[138.57314,-34.981341]}},{"type":"Feature","properties":{"Name":"NSP Pharmacy (Cost Involved) - Highgate Pharmacy","Type":"Drug and Alcohol Services South Australia","Address":"Shop 5  432 Fullarton Road MYRTLE BANK SA 5064","Suburb":null,"Postcode":null,"State":"SA","LHN":null,"Geographical LHN":null,"Governing Body":"DASSA - NSP Pharmacy (Cost Involved)"},"geometry":{"type":"Point","coordinates":[138.626364,-34.960299]}},{"type":"Feature","properties":{"Name":"NSP Pharmacy (Cost Involved) - Hampstead Medical Centre Pharmacy","Type":"Drug and Alcohol Services South Australia","Address":"Shop 5 237 Hampstead Road CLEARVIEW SA 5085","Suburb":null,"Postcode":null,"State":"SA","LHN":null,"Geographical LHN":null,"Governing Body":"DASSA - NSP Pharmacy (Cost Involved)"},"geometry":{"type":"Point","coordinates":[138.618607,-34.86]}},{"type":"Feature","properties":{"Name":"NSP Pharmacy (Cost Involved) - Kings Park Community Pharmacy","Type":"Drug and Alcohol Services South Australia","Address":"Shop 5 311 Goodwood Road KINGS PARK SA 5034","Suburb":null,"Postcode":null,"State":"SA","LHN":null,"Geographical LHN":null,"Governing Body":"DASSA - NSP Pharmacy (Cost Involved)"},"geometry":{"type":"Point","coordinates":[138.59107,-34.964282]}},{"type":"Feature","properties":{"Name":"NSP Pharmacy (Cost Involved) - PharmaSave Elizabeth Day/Night Pharmacy","Type":"Drug and Alcohol Services South Australia","Address":"Shop 5 55 Spruance Road ELIZABETH EAST SA 5112","Suburb":null,"Postcode":null,"State":"SA","LHN":null,"Geographical LHN":null,"Governing Body":"DASSA - NSP Pharmacy (Cost Involved)"},"geometry":{"type":"Point","coordinates":[138.677423,-34.729022]}},{"type":"Feature","properties":{"Name":"NSP Pharmacy (Cost Involved) - Terry White Chemmart Angle Vale","Type":"Drug and Alcohol Services South Australia","Address":"Shop 5 Angle Vale Village Shopping Centre, 121-129 Heaslip Road ANGLE VALE SA 5117","Suburb":null,"Postcode":null,"State":"SA","LHN":null,"Geographical LHN":null,"Governing Body":"DASSA - NSP Pharmacy (Cost Involved)"},"geometry":{"type":"Point","coordinates":[138.643587,-34.646823]}},{"type":"Feature","properties":{"Name":"NSP Pharmacy (Cost Involved) - Chemist King Murray Bridge","Type":"Drug and Alcohol Services South Australia","Address":"Shop 5 Coles Complex, 1 Mannum Road MURRAY BRIDGE SA 5253","Suburb":null,"Postcode":null,"State":"SA","LHN":null,"Geographical LHN":null,"Governing Body":"DASSA - NSP Pharmacy (Cost Involved)"},"geometry":{"type":"Point","coordinates":[139.271478,-35.1183]}},{"type":"Feature","properties":{"Name":"NSP Pharmacy (Cost Involved) - Terry White Chemmart Malvern","Type":"Drug and Alcohol Services South Australia","Address":"Shop 5 Malvern 7 Day Centre, 291 Unley Road MALVERN SA 5061","Suburb":null,"Postcode":null,"State":"SA","LHN":null,"Geographical LHN":null,"Governing Body":"DASSA - NSP Pharmacy (Cost Involved)"},"geometry":{"type":"Point","coordinates":[138.608659,-34.959319]}},{"type":"Feature","properties":{"Name":"NSP Pharmacy (Cost Involved) - Terry White Chemmart West Lakes Shore","Type":"Drug and Alcohol Services South Australia","Address":"Shop 5, 3 Bartley Terrace WEST LAKES SHORE SA 5020","Suburb":null,"Postcode":null,"State":"SA","LHN":null,"Geographical LHN":null,"Governing Body":"DASSA - NSP Pharmacy (Cost Involved)"},"geometry":{"type":"Point","coordinates":[138.493326,-34.852327]}},{"type":"Feature","properties":{"Name":"NSP Pharmacy (Cost Involved) - Holden Hill Amcal Pharmacy","Type":"Drug and Alcohol Services South Australia","Address":"Shop 5, 746 North East HOLDEN HILL SA 5088","Suburb":null,"Postcode":null,"State":"SA","LHN":null,"Geographical LHN":null,"Governing Body":"DASSA - NSP Pharmacy (Cost Involved)"},"geometry":{"type":"Point","coordinates":[138.671477,-34.853102]}},{"type":"Feature","properties":{"Name":"NSP Pharmacy (Cost Involved) - Chemistsavers Hampstead Gardens","Type":"Drug and Alcohol Services South Australia","Address":"Shop 5-6 259 North East Road HAMPSTEAD GARDENS SA 5086","Suburb":null,"Postcode":null,"State":"SA","LHN":null,"Geographical LHN":null,"Governing Body":"DASSA - NSP Pharmacy (Cost Involved)"},"geometry":{"type":"Point","coordinates":[138.631801,-34.874724]}},{"type":"Feature","properties":{"Name":"NSP Pharmacy (Cost Involved) - Star Discount Chemist Magill","Type":"Drug and Alcohol Services South Australia","Address":"Shop 5-6, 591 Magill Road MAGILL SA 5072","Suburb":null,"Postcode":null,"State":"SA","LHN":null,"Geographical LHN":null,"Governing Body":"DASSA - NSP Pharmacy (Cost Involved)"},"geometry":{"type":"Point","coordinates":[138.67422,-34.912611]}},{"type":"Feature","properties":{"Name":"NSP Pharmacy (Cost Involved) - Terry White Chemmart Northgate Village","Type":"Drug and Alcohol Services South Australia","Address":"Shop 5A Northgate Village Shopping Centre, Corner Folland Avenue and Fosters Road NORTHGATE SA 5085","Suburb":null,"Postcode":null,"State":"SA","LHN":null,"Geographical LHN":null,"Governing Body":"DASSA - NSP Pharmacy (Cost Involved)"},"geometry":{"type":"Point","coordinates":[138.634894,-34.856845]}},{"type":"Feature","properties":{"Name":"NSP Pharmacy (Cost Involved) - Glynde Corner Pharmacy","Type":"Drug and Alcohol Services South Australia","Address":"Shop 6 471 Payneham Road FELIXSTOW SA 5070","Suburb":null,"Postcode":null,"State":"SA","LHN":null,"Geographical LHN":null,"Governing Body":"DASSA - NSP Pharmacy (Cost Involved)"},"geometry":{"type":"Point","coordinates":[138.654039,-34.889669]}},{"type":"Feature","properties":{"Name":"NSP Pharmacy (Cost Involved) - Chemist King Welland","Type":"Drug and Alcohol Services South Australia","Address":"Shop 6 53-57 Grange Road WELLAND SA 5007","Suburb":null,"Postcode":null,"State":"SA","LHN":null,"Geographical LHN":null,"Governing Body":"DASSA - NSP Pharmacy (Cost Involved)"},"geometry":{"type":"Point","coordinates":[138.56004,-34.903897]}},{"type":"Feature","properties":{"Name":"NSP Pharmacy (Cost Involved) - Star Discount Chemist Sturt Street","Type":"Drug and Alcohol Services South Australia","Address":"Shop 6 Ferrers Street MOUNT GAMBIER SA 5290","Suburb":null,"Postcode":null,"State":"SA","LHN":null,"Geographical LHN":null,"Governing Body":"DASSA - NSP Pharmacy (Cost Involved)"},"geometry":{"type":"Point","coordinates":[140.781838,-37.829816]}},{"type":"Feature","properties":{"Name":"NSP Pharmacy (Cost Involved) - Pharmacy + Co Fulham Gardens","Type":"Drug and Alcohol Services South Australia","Address":"Shop 6 Target Shopping Centre, 447-465 Tapleys Hill Road FULHAM GARDENS SA 5024","Suburb":null,"Postcode":null,"State":"SA","LHN":null,"Geographical LHN":null,"Governing Body":"DASSA - NSP Pharmacy (Cost Involved)"},"geometry":{"type":"Point","coordinates":[138.514149,-34.913734]}},{"type":"Feature","properties":{"Name":"NSP Pharmacy (Cost Involved) - National Pharmacies - Newton","Type":"Drug and Alcohol Services South Australia","Address":"Shop 6 The Newton Village Shopping Centre, 60-64 Gorge Road NORTH ADELAIDE SA 5074","Suburb":null,"Postcode":null,"State":"SA","LHN":null,"Geographical LHN":null,"Governing Body":"DASSA - NSP Pharmacy (Cost Involved)"},"geometry":{"type":"Point","coordinates":[138.678829,-34.881308]}},{"type":"Feature","properties":{"Name":"NSP Pharmacy (Cost Involved) - Fields Gordon Pharmacy","Type":"Drug and Alcohol Services South Australia","Address":"Shop 6, 130 Peachey Road DAVOREN PARK SA 5113","Suburb":null,"Postcode":null,"State":"SA","LHN":null,"Geographical LHN":null,"Governing Body":"DASSA - NSP Pharmacy (Cost Involved)"},"geometry":{"type":"Point","coordinates":[138.670829,-34.686049]}},{"type":"Feature","properties":{"Name":"NSP Pharmacy (Cost Involved) - Terry White Chemmart Newton","Type":"Drug and Alcohol Services South Australia","Address":"Shop 67 Central Newton Shopping Centre, 84 Gorge Road NEWTON SA 5074","Suburb":null,"Postcode":null,"State":"SA","LHN":null,"Geographical LHN":null,"Governing Body":"DASSA - NSP Pharmacy (Cost Involved)"},"geometry":{"type":"Point","coordinates":[138.674613,-34.876597]}},{"type":"Feature","properties":{"Name":"NSP Pharmacy (Cost Involved) - Terry White Chemmart Balhannah","Type":"Drug and Alcohol Services South Australia","Address":"Shop 6-7 84 Onkaparinga Valley Road BALHANNAH SA 5242","Suburb":null,"Postcode":null,"State":"SA","LHN":null,"Geographical LHN":null,"Governing Body":"DASSA - NSP Pharmacy (Cost Involved)"},"geometry":{"type":"Point","coordinates":[138.827131,-34.990869]}},{"type":"Feature","properties":{"Name":"NSP Pharmacy (Cost Involved) - Salisbury Plain Discount Pharmacy","Type":"Drug and Alcohol Services South Australia","Address":"Shop 6-7, 1700 Main North Road SALISBURY PLAIN SA 5109","Suburb":null,"Postcode":null,"State":"SA","LHN":null,"Geographical LHN":null,"Governing Body":"DASSA - NSP Pharmacy (Cost Involved)"},"geometry":{"type":"Point","coordinates":[138.662005,-34.773576]}},{"type":"Feature","properties":{"Name":"NSP Pharmacy (Cost Involved) - Chemist Warehouse Moana","Type":"Drug and Alcohol Services South Australia","Address":"Shop 6-7, 50 Babbacombe Drive MOANA SA 5169","Suburb":null,"Postcode":null,"State":"SA","LHN":null,"Geographical LHN":null,"Governing Body":"DASSA - NSP Pharmacy (Cost Involved)"},"geometry":{"type":"Point","coordinates":[138.478076,-35.213832]}},{"type":"Feature","properties":{"Name":"NSP Pharmacy (Cost Involved) - Priceline Pharmacy Arkaba","Type":"Drug and Alcohol Services South Australia","Address":"Shop 7  Arkaba Shopping Centre, 150 Glen Osmond Road FULLARTON SA 5063","Suburb":null,"Postcode":null,"State":"SA","LHN":null,"Geographical LHN":null,"Governing Body":"DASSA - NSP Pharmacy (Cost Involved)"},"geometry":{"type":"Point","coordinates":[138.626423,-34.947733]}},{"type":"Feature","properties":{"Name":"NSP Pharmacy (Cost Involved) - National Pharmacies - Greenacres","Type":"Drug and Alcohol Services South Australia","Address":"Shop 7 132 Mullers Road GREENACRES SA 5086","Suburb":null,"Postcode":null,"State":"SA","LHN":null,"Geographical LHN":null,"Governing Body":"DASSA - NSP Pharmacy (Cost Involved)"},"geometry":{"type":"Point","coordinates":[138.63493,-34.870234]}},{"type":"Feature","properties":{"Name":"NSP Pharmacy (Cost Involved) - Terry White Chemmart Mannum Green","Type":"Drug and Alcohol Services South Australia","Address":"Shop 7 Mannum Green Shopping Centre, 67-75 Adelaide Road MANNUM SA 5238","Suburb":null,"Postcode":null,"State":"SA","LHN":null,"Geographical LHN":null,"Governing Body":"DASSA - NSP Pharmacy (Cost Involved)"},"geometry":{"type":"Point","coordinates":[139.301206,-34.912246]}},{"type":"Feature","properties":{"Name":"NSP Pharmacy (Cost Involved) - United Chemists Blakes Crossing","Type":"Drug and Alcohol Services South Australia","Address":"Shop 7 63-81 Main Terrace BLAKES CROSSING SA 5114","Suburb":null,"Postcode":null,"State":"SA","LHN":null,"Geographical LHN":null,"Governing Body":"DASSA - NSP Pharmacy (Cost Involved)"},"geometry":{"type":"Point","coordinates":[138.704033,-34.679491]}},{"type":"Feature","properties":{"Name":"NSP Pharmacy (Cost Involved) - Terry White Chemmart Glenunga","Type":"Drug and Alcohol Services South Australia","Address":"Shop 7 535-561 Portrush Road GLENUNGA SA 5064","Suburb":null,"Postcode":null,"State":"SA","LHN":null,"Geographical LHN":null,"Governing Body":"DASSA - NSP Pharmacy (Cost Involved)"},"geometry":{"type":"Point","coordinates":[138.642914,-34.948603]}},{"type":"Feature","properties":{"Name":"NSP Pharmacy (Cost Involved) - Priceline Pharmacy Northpark","Type":"Drug and Alcohol Services South Australia","Address":"Shop 77 Northpark Shopping Centre, 264 Main North Road PROSPECT SA 5082","Suburb":null,"Postcode":null,"State":"SA","LHN":null,"Geographical LHN":null,"Governing Body":"DASSA - NSP Pharmacy (Cost Involved)"},"geometry":{"type":"Point","coordinates":[138.601111,-34.875556]}},{"type":"Feature","properties":{"Name":"NSP Pharmacy (Cost Involved) - National Pharmacies - Clovercrest","Type":"Drug and Alcohol Services South Australia","Address":"Shop 8 Clovercrest Plaza, Montague Road MODBURY SA 5092","Suburb":null,"Postcode":null,"State":"SA","LHN":null,"Geographical LHN":null,"Governing Body":"DASSA - NSP Pharmacy (Cost Involved)"},"geometry":{"type":"Point","coordinates":[138.673027,-34.82912]}},{"type":"Feature","properties":{"Name":"NSP Pharmacy (Cost Involved) - South Plympton Pharmacy","Type":"Drug and Alcohol Services South Australia","Address":"Shop 8 Forbes Shopping Centre, 531 Marion Road SOUTH PLYMPTON SA 5038","Suburb":null,"Postcode":null,"State":"SA","LHN":null,"Geographical LHN":null,"Governing Body":"DASSA - NSP Pharmacy (Cost Involved)"},"geometry":{"type":"Point","coordinates":[138.556325,-34.97687]}},{"type":"Feature","properties":{"Name":"NSP Pharmacy (Cost Involved) - United Chemists Southgate","Type":"Drug and Alcohol Services South Australia","Address":"Shop 8 Southgate Plaza, Sherriffs Road MORPHETT VALE SA 5162","Suburb":null,"Postcode":null,"State":"SA","LHN":null,"Geographical LHN":null,"Governing Body":"DASSA - NSP Pharmacy (Cost Involved)"},"geometry":{"type":"Point","coordinates":[138.521083,-35.106872]}},{"type":"Feature","properties":{"Name":"NSP Pharmacy (Cost Involved) - Gordon Pharmacy","Type":"Drug and Alcohol Services South Australia","Address":"Shop 9  45 Peachey Road DAVOREN PARK SA 5113","Suburb":null,"Postcode":null,"State":"SA","LHN":null,"Geographical LHN":null,"Governing Body":"DASSA - NSP Pharmacy (Cost Involved)"},"geometry":{"type":"Point","coordinates":[138.665532,-34.696711]}},{"type":"Feature","properties":{"Name":"NSP Pharmacy (Cost Involved) - Terry White Chemmart Market Plaza","Type":"Drug and Alcohol Services South Australia","Address":"Shop 9 Market Plaza, 61 Grote Street ADELAIDE SA 5000","Suburb":null,"Postcode":null,"State":"SA","LHN":null,"Geographical LHN":null,"Governing Body":"DASSA - NSP Pharmacy (Cost Involved)"},"geometry":{"type":"Point","coordinates":[138.596833,-34.928991]}},{"type":"Feature","properties":{"Name":"NSP Pharmacy (Cost Involved) - Star Discount Chemist - Pasadena","Type":"Drug and Alcohol Services South Australia","Address":"Shop 9 Pasadena Shopping Centre, Fiveash Drive PASADENA SA 5042","Suburb":null,"Postcode":null,"State":"SA","LHN":null,"Geographical LHN":null,"Governing Body":"DASSA - NSP Pharmacy (Cost Involved)"},"geometry":{"type":"Point","coordinates":[138.590613,-35.001411]}},{"type":"Feature","properties":{"Name":"NSP Pharmacy (Cost Involved) - Goolwa Pharmacy","Type":"Drug and Alcohol Services South Australia","Address":"Shop 9-11 Goolwa Village  Shopping Centre, Hutchinson Street GOOLWA SA 5214","Suburb":null,"Postcode":null,"State":"SA","LHN":null,"Geographical LHN":null,"Governing Body":"DASSA - NSP Pharmacy (Cost Involved)"},"geometry":{"type":"Point","coordinates":[138.777741,-35.505382]}},{"type":"Feature","properties":{"Name":"NSP Pharmacy (Cost Involved) - National Pharmacies - Elizabeth","Type":"Drug and Alcohol Services South Australia","Address":"Shop 95 South Mall Elizabeth Shopping Centre, Corner Main North Road and Phillip Highway ELIZABETH SA 5112","Suburb":null,"Postcode":null,"State":"SA","LHN":null,"Geographical LHN":null,"Governing Body":"DASSA - NSP Pharmacy (Cost Involved)"},"geometry":{"type":"Point","coordinates":[138.668666,-34.718256]}},{"type":"Feature","properties":{"Name":"NSP Pharmacy (Cost Involved) - Para Hills Pharmacist Advice","Type":"Drug and Alcohol Services South Australia","Address":"Shop D Para Hills Town Centre, Wilkinson Road PARA HILLS SA 5096","Suburb":null,"Postcode":null,"State":"SA","LHN":null,"Geographical LHN":null,"Governing Body":"DASSA - NSP Pharmacy (Cost Involved)"},"geometry":{"type":"Point","coordinates":[138.651584,-34.811175]}},{"type":"Feature","properties":{"Name":"NSP Pharmacy (Cost Involved) - Priceline Pharmacy The Grove","Type":"Drug and Alcohol Services South Australia","Address":"Shop MM02 The Grove Shopping Centre, Cnr The Golden Way and The Grove Way GOLDEN GROVE SA 5125","Suburb":null,"Postcode":null,"State":"SA","LHN":null,"Geographical LHN":null,"Governing Body":"DASSA - NSP Pharmacy (Cost Involved)"},"geometry":{"type":"Point","coordinates":[138.693304,-34.790263]}},{"type":"Feature","properties":{"Name":"NSP Pharmacy (Cost Involved) - Chemist Warehouse Colonnades Shopping Centre","Type":"Drug and Alcohol Services South Australia","Address":"Shop SP011 Colonnades Shopping Centre, 54 Beach Road NOARLUNGA CENTRE SA 5168","Suburb":null,"Postcode":null,"State":"SA","LHN":null,"Geographical LHN":null,"Governing Body":"DASSA - NSP Pharmacy (Cost Involved)"},"geometry":{"type":"Point","coordinates":[138.496519,-35.141469]}},{"type":"Feature","properties":{"Name":"NSP Pharmacy (Cost Involved) - National Pharmacies - Salisbury","Type":"Drug and Alcohol Services South Australia","Address":"Shops 1-2 85 John Street SALISBURY SA 5108","Suburb":null,"Postcode":null,"State":"SA","LHN":null,"Geographical LHN":null,"Governing Body":"DASSA - NSP Pharmacy (Cost Involved)"},"geometry":{"type":"Point","coordinates":[138.646953,-34.762341]}},{"type":"Feature","properties":{"Name":"NSP Pharmacy (Cost Involved) - Dernancourt Pharmacy","Type":"Drug and Alcohol Services South Australia","Address":"Shops 13-14, 840 Lower North East Road DERNANCOURT SA 5075","Suburb":null,"Postcode":null,"State":"SA","LHN":null,"Geographical LHN":null,"Governing Body":"DASSA - NSP Pharmacy (Cost Involved)"},"geometry":{"type":"Point","coordinates":[138.683283,-34.862141]}},{"type":"Feature","properties":{"Name":"NSP Pharmacy (Cost Involved) - Terry White Chemmart Woodcroft Town Centre","Type":"Drug and Alcohol Services South Australia","Address":"Shops 36 Woodcroft Town Centre, Corner Bains Road and Panalantinga Road WOODCROFT SA 5162","Suburb":null,"Postcode":null,"State":"SA","LHN":null,"Geographical LHN":null,"Governing Body":"DASSA - NSP Pharmacy (Cost Involved)"},"geometry":{"type":"Point","coordinates":[138.546755,-35.113272]}},{"type":"Feature","properties":{"Name":"NSP Pharmacy (Cost Involved) - Star Discount Chemist - Hollywood","Type":"Drug and Alcohol Services South Australia","Address":"Shops 39, 45  AND amp; 47 Centro Hollywood, Winzor Street SALISBURY DOWNS SA 5108","Suburb":null,"Postcode":null,"State":"SA","LHN":null,"Geographical LHN":null,"Governing Body":"DASSA - NSP Pharmacy (Cost Involved)"},"geometry":{"type":"Point","coordinates":[138.622246,-34.767849]}},{"type":"Feature","properties":{"Name":"NSP Pharmacy (Cost Involved) - National Pharmacies - Seaford","Type":"Drug and Alcohol Services South Australia","Address":"Shops 46-49 Seaford Shopping Centre, Commercial Road SEAFORD SA 5169","Suburb":null,"Postcode":null,"State":"SA","LHN":null,"Geographical LHN":null,"Governing Body":"DASSA - NSP Pharmacy (Cost Involved)"},"geometry":{"type":"Point","coordinates":[138.476949,-35.188805]}},{"type":"Feature","properties":{"Name":"NSP Pharmacy (Cost Involved) - Terry White Chemmart Cumberland Park","Type":"Drug and Alcohol Services South Australia","Address":"Shops 5-6 350 Goodwood Road CUMBERLAND PARK SA 5041","Suburb":null,"Postcode":null,"State":"SA","LHN":null,"Geographical LHN":null,"Governing Body":"DASSA - NSP Pharmacy (Cost Involved)"},"geometry":{"type":"Point","coordinates":[138.590313,-34.966686]}},{"type":"Feature","properties":{"Name":"NSP Pharmacy (Cost Involved) - Victor Harbor Terry White Chemmart","Type":"Drug and Alcohol Services South Australia","Address":"Shops 6-7 Victor Harbor Central Shopping Centre, 21-37 Torrens Street VICTOR HARBOR SA 5211","Suburb":null,"Postcode":null,"State":"SA","LHN":null,"Geographical LHN":null,"Governing Body":"DASSA - NSP Pharmacy (Cost Involved)"},"geometry":{"type":"Point","coordinates":[138.620278,-35.553056]}},{"type":"Feature","properties":{"Name":"NSP Pharmacy (Cost Involved) - Terry White Chemmart Seaford S/C","Type":"Drug and Alcohol Services South Australia","Address":"Shops 7-9 Seaford Shopping Centre, 108 Commercial Road SEAFORD SA 5169","Suburb":null,"Postcode":null,"State":"SA","LHN":null,"Geographical LHN":null,"Governing Body":"DASSA - NSP Pharmacy (Cost Involved)"},"geometry":{"type":"Point","coordinates":[138.476949,-35.188805]}},{"type":"Feature","properties":{"Name":"NSP Pharmacy (Cost Involved) - Chemist Warehouse Munno Para Shopping Centre","Type":"Drug and Alcohol Services South Australia","Address":"Shops 8-10 Munno Para SCity, 600 Main North Road SMITHFIELD SA 5114","Suburb":null,"Postcode":null,"State":"SA","LHN":null,"Geographical LHN":null,"Governing Body":"DASSA - NSP Pharmacy (Cost Involved)"},"geometry":{"type":"Point","coordinates":[138.688378,-34.689272]}},{"type":"Feature","properties":{"Name":"NSP Pharmacy (Cost Involved) - United Chemist Port Augusta","Type":"Drug and Alcohol Services South Australia","Address":"Shops 9-11, 100 Carlton Parade PORT AUGUSTA SA 5700","Suburb":null,"Postcode":null,"State":"SA","LHN":null,"Geographical LHN":null,"Governing Body":"DASSA - NSP Pharmacy (Cost Involved)"},"geometry":{"type":"Point","coordinates":[137.777386,-32.491122]}},{"type":"Feature","properties":{"Name":"NSP Site - Snowtown Hospital","Type":"Drug and Alcohol Services South Australia","Address":"Snowtown Terrace SNOWTOWN SA 5520","Suburb":null,"Postcode":null,"State":"SA","LHN":null,"Geographical LHN":null,"Governing Body":"DASSA - NSP Site"},"geometry":{"type":"Point","coordinates":[138.207323,-33.792497]}},{"type":"Feature","properties":{"Name":"NSP Site - Jamestown Hospital","Type":"Drug and Alcohol Services South Australia","Address":"South Terrace JAMESTOWN SA 5491","Suburb":null,"Postcode":null,"State":"SA","LHN":null,"Geographical LHN":null,"Governing Body":"DASSA - NSP Site"},"geometry":{"type":"Point","coordinates":[138.606619,-33.21111]}},{"type":"Feature","properties":{"Name":"NSP Pharmacy (Cost Involved) - St Clair Amcal Pharmacy","Type":"Drug and Alcohol Services South Australia","Address":"St Clair Shopping Centre, Shop 6, 40 Cheltenham Parade ST CLAIR SA 5011","Suburb":null,"Postcode":null,"State":"SA","LHN":null,"Geographical LHN":null,"Governing Body":"DASSA - NSP Pharmacy (Cost Involved)"},"geometry":{"type":"Point","coordinates":[138.529988,-34.869618]}},{"type":"Feature","properties":{"Name":"NSP Pharmacy (Cost Involved) - Terry White Chemmart Hallett Cove","Type":"Drug and Alcohol Services South Australia","Address":"T-05 Hallett Cove Shopping Centre, 45 Lonsdale Road HALLETT COVE SA 5158","Suburb":null,"Postcode":null,"State":"SA","LHN":null,"Geographical LHN":null,"Governing Body":"DASSA - NSP Pharmacy (Cost Involved)"},"geometry":{"type":"Point","coordinates":[138.516887,-35.078089]}},{"type":"Feature","properties":{"Name":"NSP Pharmacy (Cost Involved) - Terry White Chemmart Playford","Type":"Drug and Alcohol Services South Australia","Address":"Tenancy 1 Playford Marketplace, 297 Peachey Road MUNNO PARA SA 5115","Suburb":null,"Postcode":null,"State":"SA","LHN":null,"Geographical LHN":null,"Governing Body":"DASSA - NSP Pharmacy (Cost Involved)"},"geometry":{"type":"Point","coordinates":[138.67931,-34.67042]}},{"type":"Feature","properties":{"Name":"NSP Pharmacy (Cost Involved) - Terry White Chemmart McLaren Vale","Type":"Drug and Alcohol Services South Australia","Address":"Tenancy 17 Mclaren Vale Shopping Centre, 130 Main Road MCLAREN VALE SA 5171","Suburb":null,"Postcode":null,"State":"SA","LHN":null,"Geographical LHN":null,"Governing Body":"DASSA - NSP Pharmacy (Cost Involved)"},"geometry":{"type":"Point","coordinates":[138.542641,-35.216654]}},{"type":"Feature","properties":{"Name":"NSP Pharmacy (Cost Involved) - Chemist Warehouse Port Adelaide","Type":"Drug and Alcohol Services South Australia","Address":"Tennancy 25 Port Mall Shopping Centre, 168-180 Street Vincent Street PORT ADELAIDE SA 5015","Suburb":null,"Postcode":null,"State":"SA","LHN":null,"Geographical LHN":null,"Governing Body":"DASSA - NSP Pharmacy (Cost Involved)"},"geometry":{"type":"Point","coordinates":[138.504518,-34.844869]}},{"type":"Feature","properties":{"Name":"NSP Pharmacy (Cost Involved) - Good Price Pharmacy Warehouse Morphett Vale","Type":"Drug and Alcohol Services South Australia","Address":"Unit 1 378 Main South Road MORPHETT VALE SA 5162","Suburb":null,"Postcode":null,"State":"SA","LHN":null,"Geographical LHN":null,"Governing Body":"DASSA - NSP Pharmacy (Cost Involved)"},"geometry":{"type":"Point","coordinates":[138.527771,-35.105456]}},{"type":"Feature","properties":{"Name":"Extended Product Range NSP Site - Outreach Peer NSP - Summit Health Centre *LAST FRIDAY OF THE MONTH*","Type":"Drug and Alcohol Services South Australia","Address":"85 Wellington Road Mount Barker SA 5251","Suburb":null,"Postcode":null,"State":"SA","LHN":null,"Geographical LHN":null,"Governing Body":"DASSA - Extended Product Range NSP Site"},"geometry":{"type":"Point","coordinates":[138.870312,-35.082218]}},{"type":"Feature","properties":{"Name":"NSP Site - Riverland ADAC","Type":"Drug and Alcohol Services South Australia","Address":"23 Cornwall Street Berri SA 5343","Suburb":null,"Postcode":null,"State":"SA","LHN":null,"Geographical LHN":null,"Governing Body":"DASSA - NSP Site"},"geometry":{"type":"Point","coordinates":[140.601453,-34.277007]}},{"type":"Feature","properties":{"Name":"CaFHS Adelaide","Type":"Child and Family Health Service","Address":"295 South Terrace","Suburb":"Adelaide","Postcode":5000,"State":"SA","LHN":null,"Geographical LHN":null,"Governing Body":"WCHN"},"geometry":{"type":"Point","coordinates":[138.610191,-34.934819]}},{"type":"Feature","properties":{"Name":"CaFHS Aldinga Beach","Type":"Child and Family Health Service","Address":"Aldinga Beach Children's Centre Corner Evans Street and Greenlees Parade","Suburb":"Aldinga Beach","Postcode":5173,"State":"SA","LHN":null,"Geographical LHN":null,"Governing Body":"WCHN"},"geometry":{"type":"Point","coordinates":[138.461369,-35.269243]}},{"type":"Feature","properties":{"Name":"CaFHS Angle Park","Type":"Child and Family Health Service","Address":"The Parks Community Centre Yerta Walk off Parks Street Entrance off Yerta Walk","Suburb":"Angle Park","Postcode":5010,"State":"SA","LHN":null,"Geographical LHN":null,"Governing Body":"WCHN"},"geometry":{"type":"Point","coordinates":[138.55865,-34.858539]}},{"type":"Feature","properties":{"Name":"CaFHS Berri","Type":"Child and Family Health Service","Address":"28 Kay Avenue","Suburb":"Berri","Postcode":5343,"State":"SA","LHN":null,"Geographical LHN":null,"Governing Body":"WCHN"},"geometry":{"type":"Point","coordinates":[140.605538,-34.283354]}},{"type":"Feature","properties":{"Name":"CaFHS Bordertown","Type":"Child and Family Health Service","Address":"Bordertown Memorial Hospital � Outpatients Consult room in Accident and Emergency 23 South Terrace","Suburb":"Bordertown","Postcode":5268,"State":"SA","LHN":null,"Geographical LHN":null,"Governing Body":"WCHN"},"geometry":{"type":"Point","coordinates":[140.767004,-36.311854]}},{"type":"Feature","properties":{"Name":"CaFHS Ceduna","Type":"Child and Family Health Service","Address":"2 Kelly Street","Suburb":"Ceduna","Postcode":5690,"State":"SA","LHN":null,"Geographical LHN":null,"Governing Body":"WCHN"},"geometry":{"type":"Point","coordinates":[133.669881,-32.139012]}},{"type":"Feature","properties":{"Name":"CaFHS Ceduna - Ceduna District Hospital","Type":"Child and Family Health Service","Address":"3 Eyre Highway","Suburb":"Ceduna","Postcode":5680,"State":"SA","LHN":null,"Geographical LHN":null,"Governing Body":"WCHN"},"geometry":{"type":"Point","coordinates":[133.67207,-32.119394]}},{"type":"Feature","properties":{"Name":"CaFHS Christies Beach","Type":"Child and Family Health Service","Address":"Taikurrendi Children & Family Centre 8 Price Street","Suburb":"Christies Beach","Postcode":5165,"State":"SA","LHN":null,"Geographical LHN":null,"Governing Body":"WCHN"},"geometry":{"type":"Point","coordinates":[138.479829,-35.137274]}},{"type":"Feature","properties":{"Name":"CaFHS Clare","Type":"Child and Family Health Service","Address":"179 Main North Road","Suburb":"Clare","Postcode":5453,"State":"SA","LHN":null,"Geographical LHN":null,"Governing Body":"WCHN"},"geometry":{"type":"Point","coordinates":[138.615188,-33.836796]}},{"type":"Feature","properties":{"Name":"CaFHS Cleve","Type":"Child and Family Health Service","Address":"15 Main Street","Suburb":"Cleve","Postcode":5640,"State":"SA","LHN":null,"Geographical LHN":null,"Governing Body":"WCHN"},"geometry":{"type":"Point","coordinates":[136.494733,-33.702059]}},{"type":"Feature","properties":{"Name":"CaFHS Coober Pedy","Type":"Child and Family Health Service","Address":"McDougall Street","Suburb":"Coober Pedy","Postcode":5723,"State":"SA","LHN":null,"Geographical LHN":null,"Governing Body":"WCHN"},"geometry":{"type":"Point","coordinates":[134.763829,-29.003417]}},{"type":"Feature","properties":{"Name":"CaFHS Cowandilla","Type":"Child and Family Health Service","Address":"Cowandilla Children�s Centre 34 Wilson Street (cnr Wilson and Jenkins Street)","Suburb":"Cowandilla","Postcode":5033,"State":"SA","LHN":null,"Geographical LHN":null,"Governing Body":"WCHN"},"geometry":{"type":"Point","coordinates":[138.557431,-34.934118]}},{"type":"Feature","properties":{"Name":"CaFHS Cowell","Type":"Child and Family Health Service","Address":"17 South Terrace","Suburb":"Cowell","Postcode":5602,"State":"SA","LHN":null,"Geographical LHN":null,"Governing Body":"WCHN"},"geometry":{"type":"Point","coordinates":[136.921635,-33.685363]}},{"type":"Feature","properties":{"Name":"CaFHS Crystal Brook","Type":"Child and Family Health Service","Address":"Mais Terrace","Suburb":"Crystal Brook","Postcode":5523,"State":"SA","LHN":null,"Geographical LHN":null,"Governing Body":"WCHN"},"geometry":{"type":"Point","coordinates":[138.213299,-33.352063]}},{"type":"Feature","properties":{"Name":"CaFHS Edwardstown","Type":"Child and Family Health Service","Address":"2 Furness Avenue","Suburb":"Edwardstown","Postcode":5039,"State":"SA","LHN":null,"Geographical LHN":null,"Governing Body":"WCHN"},"geometry":{"type":"Point","coordinates":[138.573312,-34.983295]}},{"type":"Feature","properties":{"Name":"CaFHS Elizabeth","Type":"Child and Family Health Service","Address":"Elizabeth Shopping Centre off Playford Blvd Blvd (next to Post Office)","Suburb":"Elizabeth","Postcode":5112,"State":"SA","LHN":null,"Geographical LHN":null,"Governing Body":"WCHN"},"geometry":{"type":"Point","coordinates":[138.670375,-34.718611]}},{"type":"Feature","properties":{"Name":"CaFHS Elizabeth Grove","Type":"Child and Family Health Service","Address":"Elizabeth Grove Children's Centre 21 Gunther Street","Suburb":"Elizabeth Grove","Postcode":5112,"State":"SA","LHN":null,"Geographical LHN":null,"Governing Body":"WCHN"},"geometry":{"type":"Point","coordinates":[138.669116,-34.733001]}},{"type":"Feature","properties":{"Name":"CaFHS Elsie Ey","Type":"Child and Family Health Service","Address":"Hewett","Suburb":"Primary School Elsie Ey Children's Centre Kingfisher Drive Hewett","Postcode":5118,"State":"SA","LHN":null,"Geographical LHN":null,"Governing Body":"WCHN"},"geometry":{"type":"Point","coordinates":[138.66917,-34.733052]}},{"type":"Feature","properties":{"Name":"CaFHS Enfield","Type":"Child and Family Health Service","Address":"17 Pateela Street","Suburb":"Enfield","Postcode":5085,"State":"SA","LHN":null,"Geographical LHN":null,"Governing Body":"WCHN"},"geometry":{"type":"Point","coordinates":[138.603949,-34.86597]}},{"type":"Feature","properties":{"Name":"CaFHS Fullarton","Type":"Child and Family Health Service","Address":"Cottage behind Fullarton Park Community Centre cnr Fisher Street and Fullarton Road (enter off Fisher St)","Suburb":"Fullarton","Postcode":5063,"State":"SA","LHN":null,"Geographical LHN":null,"Governing Body":"WCHN"},"geometry":{"type":"Point","coordinates":[138.625802,-34.956913]}},{"type":"Feature","properties":{"Name":"CaFHS Gawler","Type":"Child and Family Health Service","Address":"Gawler Children's Centre 69","Suburb":"Barnet Road Evanston","Postcode":5116,"State":"SA","LHN":null,"Geographical LHN":null,"Governing Body":"WCHN"},"geometry":{"type":"Point","coordinates":[138.737929,-34.613863]}},{"type":"Feature","properties":{"Name":"CaFHS Goolwa","Type":"Child and Family Health Service","Address":"Goolwa Children's Centre Brooking Street","Suburb":"Goolwa","Postcode":5214,"State":"SA","LHN":null,"Geographical LHN":null,"Governing Body":"WCHN"},"geometry":{"type":"Point","coordinates":[138.784268,-35.500768]}},{"type":"Feature","properties":{"Name":"CaFHS Ingle Farm","Type":"Child and Family Health Service","Address":"2 Belalie Road","Suburb":"Ingle Farm","Postcode":5098,"State":"SA","LHN":null,"Geographical LHN":null,"Governing Body":"WCHN"},"geometry":{"type":"Point","coordinates":[138.642853,-34.827207]}},{"type":"Feature","properties":{"Name":"CaFHS Jamestown","Type":"Child and Family Health Service","Address":"Corner Ayr and Dunure Terrace","Suburb":"Jamestown","Postcode":5491,"State":"SA","LHN":null,"Geographical LHN":null,"Governing Body":"WCHN"},"geometry":{"type":"Point","coordinates":[138.607052,-33.205288]}},{"type":"Feature","properties":{"Name":"CaFHS Kadina","Type":"Child and Family Health Service","Address":"Corner Doswell Terrace and Eliza Terrace","Suburb":"Kadina","Postcode":5554,"State":"SA","LHN":null,"Geographical LHN":null,"Governing Body":"WCHN"},"geometry":{"type":"Point","coordinates":[137.721278,-33.958969]}},{"type":"Feature","properties":{"Name":"CaFHS Keith","Type":"Child and Family Health Service","Address":"35 Hill Avenue","Suburb":"Keith","Postcode":5267,"State":"SA","LHN":null,"Geographical LHN":null,"Governing Body":"WCHN"},"geometry":{"type":"Point","coordinates":[140.345913,-36.097385]}},{"type":"Feature","properties":{"Name":"CaFHS Kimba","Type":"Child and Family Health Service","Address":"31 West Terrace","Suburb":"Kimba","Postcode":5641,"State":"SA","LHN":null,"Geographical LHN":null,"Governing Body":"WCHN"},"geometry":{"type":"Point","coordinates":[136.418172,-33.139036]}},{"type":"Feature","properties":{"Name":"CaFHS Kingscote","Type":"Child and Family Health Service","Address":"56 Dauncey Street","Suburb":"Kingscote","Postcode":5223,"State":"SA","LHN":null,"Geographical LHN":null,"Governing Body":"WCHN"},"geometry":{"type":"Point","coordinates":[137.638791,-35.656601]}},{"type":"Feature","properties":{"Name":"CaFHS Kingston","Type":"Child and Family Health Service","Address":"33 Young Street","Suburb":"Kingston","Postcode":5275,"State":"SA","LHN":null,"Geographical LHN":null,"Governing Body":"WCHN"},"geometry":{"type":"Point","coordinates":[139.84888,-36.835733]}},{"type":"Feature","properties":{"Name":"CaFHS Lameroo","Type":"Child and Family Health Service","Address":"1A Vardon Terrace","Suburb":"Lameroo","Postcode":5302,"State":"SA","LHN":null,"Geographical LHN":null,"Governing Body":"WCHN"},"geometry":{"type":"Point","coordinates":[140.51437,-35.328039]}},{"type":"Feature","properties":{"Name":"CaFHS Loxton","Type":"Child and Family Health Service","Address":"13 Tobruk Terrace","Suburb":"Loxton","Postcode":5333,"State":"SA","LHN":null,"Geographical LHN":null,"Governing Body":"WCHN"},"geometry":{"type":"Point","coordinates":[140.572071,-34.454135]}},{"type":"Feature","properties":{"Name":"CaFHS Maitland","Type":"Child and Family Health Service","Address":"69 Robert Street","Suburb":"Maitland","Postcode":5573,"State":"SA","LHN":null,"Geographical LHN":null,"Governing Body":"WCHN"},"geometry":{"type":"Point","coordinates":[151.613825,-32.741438]}},{"type":"Feature","properties":{"Name":"CaFHS Mannum","Type":"Child and Family Health Service","Address":"49-71 Walker Avenue","Suburb":"Mannum","Postcode":5238,"State":"SA","LHN":null,"Geographical LHN":null,"Governing Body":"WCHN"},"geometry":{"type":"Point","coordinates":[139.304024,-34.913394]}},{"type":"Feature","properties":{"Name":"CaFHS Meningie","Type":"Child and Family Health Service","Address":"2 South Terrace","Suburb":"Meningie","Postcode":5264,"State":"SA","LHN":null,"Geographical LHN":null,"Governing Body":"WCHN"},"geometry":{"type":"Point","coordinates":[139.335719,-35.693158]}},{"type":"Feature","properties":{"Name":"CaFHS Millicent","Type":"Child and Family Health Service","Address":"51 Mount Gambier Road","Suburb":"Millicent","Postcode":5280,"State":"SA","LHN":null,"Geographical LHN":null,"Governing Body":"WCHN"},"geometry":{"type":"Point","coordinates":[140.359154,-37.598342]}},{"type":"Feature","properties":{"Name":"CaFHS Minlaton","Type":"Child and Family Health Service","Address":"9 South Terrace","Suburb":"Minlaton","Postcode":5575,"State":"SA","LHN":null,"Geographical LHN":null,"Governing Body":"WCHN"},"geometry":{"type":"Point","coordinates":[137.592918,-34.774129]}},{"type":"Feature","properties":{"Name":"CaFHS Morphett Vale","Type":"Child and Family Health Service","Address":"211 Main South Road","Suburb":"Morphett Vale","Postcode":5162,"State":"SA","LHN":null,"Geographical LHN":null,"Governing Body":"WCHN"},"geometry":{"type":"Point","coordinates":[138.522455,-35.118098]}},{"type":"Feature","properties":{"Name":"CaFHS Mount Barker","Type":"Child and Family Health Service","Address":"20 Victoria Crescent","Suburb":"Mount Barker","Postcode":5251,"State":"SA","LHN":null,"Geographical LHN":null,"Governing Body":"WCHN"},"geometry":{"type":"Point","coordinates":[138.864479,-35.069736]}},{"type":"Feature","properties":{"Name":"CaFHS Mount Barker - The Willows Children's Centre","Type":"Child and Family Health Service","Address":"1 Charles Street","Suburb":"MOUNT BARKER","Postcode":5251,"State":"SA","LHN":null,"Geographical LHN":null,"Governing Body":"WCHN"},"geometry":{"type":"Point","coordinates":[138.858854,-35.080171]}},{"type":"Feature","properties":{"Name":"CaFHS Mount Gambier","Type":"Child and Family Health Service","Address":"5 Heriot Street","Suburb":"Mount Gambier","Postcode":5290,"State":"SA","LHN":null,"Geographical LHN":null,"Governing Body":"WCHN"},"geometry":{"type":"Point","coordinates":[140.780641,-37.831795]}},{"type":"Feature","properties":{"Name":"CaFHS Murray Bridge","Type":"Child and Family Health Service","Address":"11A West Terrace","Suburb":"Murray Bridge","Postcode":5253,"State":"SA","LHN":null,"Geographical LHN":null,"Governing Body":"WCHN"},"geometry":{"type":"Point","coordinates":[139.271587,-35.117327]}},{"type":"Feature","properties":{"Name":"CaFHS Naracoorte","Type":"Child and Family Health Service","Address":"82 Ormerod Street","Suburb":"Naracoorte","Postcode":5271,"State":"SA","LHN":null,"Geographical LHN":null,"Governing Body":"WCHN"},"geometry":{"type":"Point","coordinates":[140.745092,-36.954603]}},{"type":"Feature","properties":{"Name":"CaFHS Noarlunga","Type":"Child and Family Health Service","Address":"2 Alexander Kelly Drive","Suburb":"Noarlunga","Postcode":5168,"State":"SA","LHN":null,"Geographical LHN":null,"Governing Body":"WCHN"},"geometry":{"type":"Point","coordinates":[138.497401,-35.139104]}},{"type":"Feature","properties":{"Name":"CaFHS Nuriootpa","Type":"Child and Family Health Service","Address":"Corner First and Second Streets","Suburb":"Nuriootpa","Postcode":5355,"State":"SA","LHN":null,"Geographical LHN":null,"Governing Body":"WCHN"},"geometry":{"type":"Point","coordinates":[138.996167,-34.470306]}},{"type":"Feature","properties":{"Name":"CaFHS O'Sullivan Beach","Type":"Child and Family Health Service","Address":"O'Sullivan Beach Children's Centre 51A Galloway Road","Suburb":"O'Sullivan Beach","Postcode":5166,"State":"SA","LHN":null,"Geographical LHN":null,"Governing Body":"WCHN"},"geometry":{"type":"Point","coordinates":[138.479306,-35.124802]}},{"type":"Feature","properties":{"Name":"CaFHS Oaklands Park","Type":"Child and Family Health Service","Address":"Level 3 Tower Westfield Marion 297 Diagonal Road","Suburb":"Oaklands Park","Postcode":5046,"State":"SA","LHN":null,"Geographical LHN":null,"Governing Body":"WCHN"},"geometry":{"type":"Point","coordinates":[138.54373,-35.016996]}},{"type":"Feature","properties":{"Name":"CaFHS Paradise","Type":"Child and Family Health Service","Address":"Il Nido Children�s Centre 22 Campbell Road (parking on Ind Street)","Suburb":"Paradise","Postcode":5075,"State":"SA","LHN":null,"Geographical LHN":null,"Governing Body":"WCHN"},"geometry":{"type":"Point","coordinates":[138.672346,-34.873828]}},{"type":"Feature","properties":{"Name":"CaFHS Parafield Gardens","Type":"Child and Family Health Service","Address":"Parafield Gardens Children's Centre 9 Casuarina Drive","Suburb":"Parafield Gardens","Postcode":5107,"State":"SA","LHN":null,"Geographical LHN":null,"Governing Body":"WCHN"},"geometry":{"type":"Point","coordinates":[138.614923,-34.784947]}},{"type":"Feature","properties":{"Name":"CaFHS Peterborough","Type":"Child and Family Health Service","Address":"203 Main Street","Suburb":"Peterborough","Postcode":5422,"State":"SA","LHN":null,"Geographical LHN":null,"Governing Body":"WCHN"},"geometry":{"type":"Point","coordinates":[138.835558,-32.972881]}},{"type":"Feature","properties":{"Name":"CaFHS Pinnaroo","Type":"Child and Family Health Service","Address":"Bundey Terrace","Suburb":"Pinnaroo","Postcode":5304,"State":"SA","LHN":null,"Geographical LHN":null,"Governing Body":"WCHN"},"geometry":{"type":"Point","coordinates":[140.906751,-35.256998]}},{"type":"Feature","properties":{"Name":"CaFHS Port Adelaide","Type":"Child and Family Health Service","Address":"253 Commercial Road","Suburb":"Port Adelaide","Postcode":5015,"State":"SA","LHN":null,"Geographical LHN":null,"Governing Body":"WCHN"},"geometry":{"type":"Point","coordinates":[138.508991,-34.849213]}},{"type":"Feature","properties":{"Name":"CaFHS Port Augusta","Type":"Child and Family Health Service","Address":"5 Young Street","Suburb":"Port Augusta","Postcode":5700,"State":"SA","LHN":null,"Geographical LHN":null,"Governing Body":"WCHN"},"geometry":{"type":"Point","coordinates":[137.765894,-32.490416]}},{"type":"Feature","properties":{"Name":"CaFHS Port Lincoln","Type":"Child and Family Health Service","Address":"Unit 7-9 60 Tasman Terrace","Suburb":"Port Lincoln","Postcode":5606,"State":"SA","LHN":null,"Geographical LHN":null,"Governing Body":"WCHN"},"geometry":{"type":"Point","coordinates":[135.857129,-34.719974]}},{"type":"Feature","properties":{"Name":"CaFHS Port Pirie","Type":"Child and Family Health Service","Address":"Port Pirie Children�s Centre First Street (inside the kindy)","Suburb":"Port Pirie","Postcode":5540,"State":"SA","LHN":null,"Geographical LHN":null,"Governing Body":"WCHN"},"geometry":{"type":"Point","coordinates":[138.002443,-33.182292]}},{"type":"Feature","properties":{"Name":"CaFHS Renmark","Type":"Child and Family Health Service","Address":"Renmark Children's Centre 204 Eighteenth Street","Suburb":"Renmark","Postcode":5341,"State":"SA","LHN":null,"Geographical LHN":null,"Governing Body":"WCHN"},"geometry":{"type":"Point","coordinates":[140.743266,-34.173012]}},{"type":"Feature","properties":{"Name":"CaFHS Robe","Type":"Child and Family Health Service","Address":"Cnr Smillie Street & Lipson Terrace","Suburb":"Robe","Postcode":5276,"State":"SA","LHN":null,"Geographical LHN":null,"Governing Body":"WCHN"},"geometry":{"type":"Point","coordinates":[139.751847,-37.163074]}},{"type":"Feature","properties":{"Name":"CaFHS Roxby Downs","Type":"Child and Family Health Service","Address":"16-28 Burgoyne Street","Suburb":"Roxby Downs","Postcode":5725,"State":"SA","LHN":null,"Geographical LHN":null,"Governing Body":"WCHN"},"geometry":{"type":"Point","coordinates":[136.89434,-30.562656]}},{"type":"Feature","properties":{"Name":"CaFHS Salisbury","Type":"Child and Family Health Service","Address":"59-61 Commercial Road Level 1","Suburb":"Salisbury","Postcode":5108,"State":"SA","LHN":null,"Geographical LHN":null,"Governing Body":"WCHN"},"geometry":{"type":"Point","coordinates":[138.649423,-34.76076]}},{"type":"Feature","properties":{"Name":"CaFHS Seacombe Gardens","Type":"Child and Family Health Service","Address":"Darlington Children's Centre 12A Kurrajong Place","Suburb":"Seacombe Gardens","Postcode":5047,"State":"SA","LHN":null,"Geographical LHN":null,"Governing Body":"WCHN"},"geometry":{"type":"Point","coordinates":[138.547942,-35.026439]}},{"type":"Feature","properties":{"Name":"CaFHS Seaford","Type":"Child and Family Health Service","Address":"611 Grand Blvd","Suburb":"Seaford","Postcode":5169,"State":"SA","LHN":null,"Geographical LHN":null,"Governing Body":"WCHN"},"geometry":{"type":"Point","coordinates":[138.480761,-35.18675]}},{"type":"Feature","properties":{"Name":"CaFHS Smithfield","Type":"Child and Family Health Service","Address":"1B Morialta Drive (opposite the Salvos)","Suburb":"Smithfield","Postcode":5114,"State":"SA","LHN":null,"Geographical LHN":null,"Governing Body":"WCHN"},"geometry":{"type":"Point","coordinates":[138.689247,-34.681873]}},{"type":"Feature","properties":{"Name":"CaFHS South Plympton","Type":"Child and Family Health Service","Address":"Forbes Children�s Centre 80 Thomas Street","Suburb":"South Plympton","Postcode":5038,"State":"SA","LHN":null,"Geographical LHN":null,"Governing Body":"WCHN"},"geometry":{"type":"Point","coordinates":[138.557672,-34.977936]}},{"type":"Feature","properties":{"Name":"CaFHS Strathalbyn","Type":"Child and Family Health Service","Address":"CWA Building 15 Sunter Street","Suburb":"Strathalbyn","Postcode":5255,"State":"SA","LHN":null,"Geographical LHN":null,"Governing Body":"WCHN"},"geometry":{"type":"Point","coordinates":[138.891836,-35.254978]}},{"type":"Feature","properties":{"Name":"CaFHS Streaky Bay","Type":"Child and Family Health Service","Address":"1 Flinders Drive Streaky Bay and District Medical Clinic","Suburb":"Streaky Bay","Postcode":5680,"State":"SA","LHN":null,"Geographical LHN":null,"Governing Body":"WCHN"},"geometry":{"type":"Point","coordinates":[134.216718,-32.792899]}},{"type":"Feature","properties":{"Name":"CaFHS Trinity Gardens","Type":"Child and Family Health Service","Address":"Trinity Gardens Children�s Centre 160 Port Rush Road (enter via Devitt Avenue)","Suburb":"Trinity Gardens","Postcode":5068,"State":"SA","LHN":null,"Geographical LHN":null,"Governing Body":"WCHN"},"geometry":{"type":"Point","coordinates":[138.641782,-34.907918]}},{"type":"Feature","properties":{"Name":"CaFHS Tumby Bay","Type":"Child and Family Health Service","Address":"11 West Terrace","Suburb":"Tumby Bay","Postcode":5605,"State":"SA","LHN":null,"Geographical LHN":null,"Governing Body":"WCHN"},"geometry":{"type":"Point","coordinates":[136.100939,-34.37407]}},{"type":"Feature","properties":{"Name":"CaFHS Waikerie","Type":"Child and Family Health Service","Address":"1 Lawrie Terrace","Suburb":"Waikerie","Postcode":5330,"State":"SA","LHN":null,"Geographical LHN":null,"Governing Body":"WCHN"},"geometry":{"type":"Point","coordinates":[139.985042,-34.182406]}},{"type":"Feature","properties":{"Name":"CaFHS Whyalla","Type":"Child and Family Health Service","Address":"51-53 Playford Avenue","Suburb":"Whyalla","Postcode":5600,"State":"SA","LHN":null,"Geographical LHN":null,"Governing Body":"WCHN"},"geometry":{"type":"Point","coordinates":[137.567054,-33.030319]}},{"type":"Feature","properties":{"Name":"CaFHS Windsor Gardens","Type":"Child and Family Health Service","Address":"Avenues College McKay Avenue (enter off Sudholz Rd then Danby Ave then McKay Ave)","Suburb":"Windsor Gardens","Postcode":5087,"State":"SA","LHN":null,"Geographical LHN":null,"Governing Body":"WCHN"},"geometry":{"type":"Point","coordinates":[138.656719,-34.860615]}},{"type":"Feature","properties":{"Name":"CaFHS Woodcroft","Type":"Child and Family Health Service","Address":"Woodcroft Heights Children's Centre 25 Investigator Drive","Suburb":"Woodcroft","Postcode":5162,"State":"SA","LHN":null,"Geographical LHN":null,"Governing Body":"WCHN"},"geometry":{"type":"Point","coordinates":[138.556963,-35.106738]}},{"type":"Feature","properties":{"Name":"CaFHS Woodville","Type":"Child and Family Health Service","Address":"795 Port Road","Suburb":"Woodville","Postcode":5011,"State":"SA","LHN":null,"Geographical LHN":null,"Governing Body":"WCHN"},"geometry":{"type":"Point","coordinates":[138.53482,-34.879852]}},{"type":"Feature","properties":{"Name":"CaFHS Wudinna","Type":"Child and Family Health Service","Address":"44 Eyre Highway","Suburb":"Wudinna","Postcode":5652,"State":"SA","LHN":null,"Geographical LHN":null,"Governing Body":"WCHN"},"geometry":{"type":"Point","coordinates":[135.459683,-33.049054]}}]}